<collection xmlns="http://exist.sourceforge.net/NS/exist" name="/db/apps/84000-data/translation-memory/published" owner="admin" group="dba" mode="775" created="2023-11-28T07:01:29Z" deduplicate-blobs="false" version="2">
    <acl entries="0" version="1"/>
    <resource type="XMLResource" name="toh552-v3.tmx" owner="admin" group="tei" mode="664" created="2023-11-22T16:42:54Z" modified="2023-11-22T16:44:57Z" filename="toh552-v3.tmx" mimetype="application/xml">
        <acl entries="0" version="1"/>
    </resource>
    <resource type="XMLResource" name="toh498-v1.tmx" owner="admin" group="tei" mode="664" created="2023-11-20T16:26:52Z" modified="2023-11-20T16:29:20Z" filename="toh498-v1.tmx" mimetype="application/xml">
        <acl entries="0" version="1"/>
    </resource>
    <resource type="XMLResource" name="toh555-v3.tmx" owner="admin" group="tei" mode="664" created="2023-11-22T16:42:54Z" modified="2023-11-22T16:44:57Z" filename="toh555-v3.tmx" mimetype="application/xml">
        <acl entries="0" version="1"/>
    </resource>
    <resource type="XMLResource" name="toh503-v3.tmx" owner="admin" group="tei" mode="664" created="2023-11-20T16:26:52Z" modified="2023-11-20T16:29:21Z" filename="toh503-v3.tmx" mimetype="application/xml">
        <acl entries="0" version="1"/>
    </resource>
    <resource type="XMLResource" name="toh229-v4.tmx" owner="celso" group="git-push" mode="664" created="2024-01-24T15:30:18Z" modified="2024-01-24T15:42:18Z" filename="toh229-v4.tmx" mimetype="application/xml">
        <acl entries="0" version="1"/>
    </resource>
    <resource type="XMLResource" name="toh561-v3.tmx" owner="admin" group="tei" mode="664" created="2023-11-22T16:42:56Z" modified="2023-11-22T16:44:58Z" filename="toh561-v3.tmx" mimetype="application/xml">
        <acl entries="0" version="1"/>
    </resource>
    <resource type="XMLResource" name="toh513-v3.tmx" owner="admin" group="tei" mode="664" created="2023-11-20T16:26:53Z" modified="2023-11-20T16:29:21Z" filename="toh513-v3.tmx" mimetype="application/xml">
        <acl entries="0" version="1"/>
    </resource>
    <resource type="XMLResource" name="toh562-v3.tmx" owner="admin" group="tei" mode="664" created="2023-11-22T16:42:56Z" modified="2023-11-22T16:44:58Z" filename="toh562-v3.tmx" mimetype="application/xml">
        <acl entries="0" version="1"/>
    </resource>
    <resource type="XMLResource" name="toh590-v3.tmx" owner="admin" group="tei" mode="664" created="2023-11-22T16:42:56Z" modified="2023-11-22T16:44:58Z" filename="toh590-v3.tmx" mimetype="application/xml">
        <acl entries="0" version="1"/>
    </resource>
    <resource type="XMLResource" name="toh591-v3.tmx" owner="admin" group="tei" mode="664" created="2023-11-22T16:42:56Z" modified="2023-11-22T16:44:58Z" filename="toh591-v3.tmx" mimetype="application/xml">
        <acl entries="0" version="1"/>
    </resource>
    <resource type="XMLResource" name="toh592-v3.tmx" owner="admin" group="tei" mode="664" created="2023-11-22T16:42:57Z" modified="2023-11-22T16:44:58Z" filename="toh592-v3.tmx" mimetype="application/xml">
        <acl entries="0" version="1"/>
    </resource>
    <resource type="XMLResource" name="toh593-v3.tmx" owner="admin" group="tei" mode="664" created="2023-11-22T16:42:57Z" modified="2023-11-22T16:44:58Z" filename="toh593-v3.tmx" mimetype="application/xml">
        <acl entries="0" version="1"/>
    </resource>
    <resource type="XMLResource" name="toh544-v1.tmx" owner="admin" group="tei" mode="664" created="2023-11-20T16:26:56Z" modified="2023-11-20T16:29:23Z" filename="toh544-v1.tmx" mimetype="application/xml">
        <acl entries="0" version="1"/>
    </resource>
    <resource type="XMLResource" name="toh601-v3.tmx" owner="admin" group="tei" mode="664" created="2023-11-22T16:42:57Z" modified="2023-11-22T16:44:58Z" filename="toh601-v3.tmx" mimetype="application/xml">
        <acl entries="0" version="1"/>
    </resource>
    <resource type="XMLResource" name="toh558-v1.tmx" owner="admin" group="tei" mode="664" created="2023-11-20T16:26:57Z" modified="2023-11-20T16:29:23Z" filename="toh558-v1.tmx" mimetype="application/xml">
        <acl entries="0" version="1"/>
    </resource>
    <resource type="XMLResource" name="toh563-v1.tmx" owner="admin" group="tei" mode="664" created="2023-11-20T16:26:57Z" modified="2023-11-20T16:29:23Z" filename="toh563-v1.tmx" mimetype="application/xml">
        <acl entries="0" version="1"/>
    </resource>
    <resource type="XMLResource" name="toh805-v3.tmx" owner="admin" group="tei" mode="664" created="2023-11-22T16:43:02Z" modified="2023-11-22T16:45:00Z" filename="toh805-v3.tmx" mimetype="application/xml">
        <acl entries="0" version="1"/>
    </resource>
    <resource type="XMLResource" name="toh594-v3.tmx" owner="admin" group="tei" mode="664" created="2023-11-20T16:26:57Z" modified="2023-11-20T16:29:23Z" filename="toh594-v3.tmx" mimetype="application/xml">
        <acl entries="0" version="1"/>
    </resource>
    <resource type="XMLResource" name="toh1090-v3.tmx" owner="admin" group="tei" mode="664" created="2023-11-22T16:43:02Z" modified="2023-11-22T16:45:01Z" filename="toh1090-v3.tmx" mimetype="application/xml">
        <acl entries="0" version="1"/>
    </resource>
    <resource type="XMLResource" name="toh595-v3.tmx" owner="admin" group="tei" mode="664" created="2023-11-20T16:26:57Z" modified="2023-11-20T16:29:23Z" filename="toh595-v3.tmx" mimetype="application/xml">
        <acl entries="0" version="1"/>
    </resource>
    <resource type="XMLResource" name="toh596-v3.tmx" owner="admin" group="tei" mode="664" created="2023-11-20T16:26:58Z" modified="2023-11-20T16:29:23Z" filename="toh596-v3.tmx" mimetype="application/xml">
        <acl entries="0" version="1"/>
    </resource>
    <resource type="XMLResource" name="toh597-v3.tmx" owner="admin" group="tei" mode="664" created="2023-11-20T16:26:58Z" modified="2023-11-20T16:29:23Z" filename="toh597-v3.tmx" mimetype="application/xml">
        <acl entries="0" version="1"/>
    </resource>
    <resource type="XMLResource" name="toh598-v3.tmx" owner="admin" group="tei" mode="664" created="2023-11-20T16:26:58Z" modified="2023-11-20T16:29:23Z" filename="toh598-v3.tmx" mimetype="application/xml">
        <acl entries="0" version="1"/>
    </resource>
    <resource type="XMLResource" name="toh673-v3.tmx" owner="admin" group="tei" mode="664" created="2023-11-20T16:26:58Z" modified="2023-11-20T16:29:23Z" filename="toh673-v3.tmx" mimetype="application/xml">
        <acl entries="0" version="1"/>
    </resource>
    <resource type="XMLResource" name="toh674-v3.tmx" owner="admin" group="tei" mode="664" created="2023-11-20T16:26:58Z" modified="2023-11-20T16:29:23Z" filename="toh674-v3.tmx" mimetype="application/xml">
        <acl entries="0" version="1"/>
    </resource>
    <resource type="XMLResource" name="toh26-v3.tmx" owner="admin" group="tei" mode="664" created="2023-11-22T20:24:10Z" modified="2023-11-22T20:27:54Z" filename="toh26-v3.tmx" mimetype="application/xml">
        <acl entries="0" version="1"/>
    </resource>
    <resource type="XMLResource" name="toh675-v3.tmx" owner="admin" group="tei" mode="664" created="2023-11-20T16:26:58Z" modified="2023-11-20T16:29:23Z" filename="toh675-v3.tmx" mimetype="application/xml">
        <acl entries="0" version="1"/>
    </resource>
    <resource type="XMLResource" name="toh28-v3.tmx" owner="admin" group="tei" mode="664" created="2023-11-22T20:24:10Z" modified="2023-11-22T20:27:54Z" filename="toh28-v3.tmx" mimetype="application/xml">
        <acl entries="0" version="1"/>
    </resource>
    <resource type="XMLResource" name="toh726-v3.tmx" owner="admin" group="tei" mode="664" created="2023-11-20T16:26:58Z" modified="2023-11-20T16:29:23Z" filename="toh726-v3.tmx" mimetype="application/xml">
        <acl entries="0" version="1"/>
    </resource>
    <resource type="XMLResource" name="toh728-v3.tmx" owner="admin" group="tei" mode="664" created="2023-11-20T16:26:59Z" modified="2023-11-20T16:29:23Z" filename="toh728-v3.tmx" mimetype="application/xml">
        <acl entries="0" version="1"/>
    </resource>
    <resource type="XMLResource" name="toh738-v3.tmx" owner="admin" group="tei" mode="664" created="2023-11-20T16:26:59Z" modified="2023-11-20T16:29:23Z" filename="toh738-v3.tmx" mimetype="application/xml">
        <acl entries="0" version="1"/>
    </resource>
    <resource type="XMLResource" name="toh747-v3.tmx" owner="admin" group="tei" mode="664" created="2023-11-20T16:26:59Z" modified="2023-11-20T16:29:23Z" filename="toh747-v3.tmx" mimetype="application/xml">
        <acl entries="0" version="1"/>
    </resource>
    <resource type="XMLResource" name="toh750-v3.tmx" owner="admin" group="tei" mode="664" created="2023-11-20T16:27:00Z" modified="2023-11-20T16:29:24Z" filename="toh750-v3.tmx" mimetype="application/xml">
        <acl entries="0" version="1"/>
    </resource>
    <resource type="XMLResource" name="toh813-v3.tmx" owner="admin" group="tei" mode="664" created="2023-11-20T16:27:00Z" modified="2023-11-20T16:29:24Z" filename="toh813-v3.tmx" mimetype="application/xml">
        <acl entries="0" version="1"/>
    </resource>
    <resource type="XMLResource" name="toh41-v3.tmx" owner="celso" group="git-push" mode="664" created="2024-02-29T22:05:38Z" modified="2024-02-29T22:07:39Z" filename="toh41-v3.tmx" mimetype="application/xml">
        <acl entries="0" version="1"/>
    </resource>
    <resource type="XMLResource" name="toh42-v3.tmx" owner="celso" group="git-push" mode="664" created="2024-02-29T22:05:38Z" modified="2024-02-29T22:07:39Z" filename="toh42-v3.tmx" mimetype="application/xml">
        <acl entries="0" version="1"/>
    </resource>
    <resource type="XMLResource" name="toh47-v3.tmx" owner="celso" group="git-push" mode="664" created="2024-02-29T22:05:38Z" modified="2024-02-29T22:07:39Z" filename="toh47-v3.tmx" mimetype="application/xml">
        <acl entries="0" version="1"/>
    </resource>
    <resource type="XMLResource" name="toh338-v4.tmx" owner="admin" group="tei" mode="664" created="2023-11-20T16:43:36Z" modified="2023-11-21T18:44:54Z" filename="toh338-v4.tmx" mimetype="application/xml">
        <acl entries="0" version="1"/>
    </resource>
    <resource type="XMLResource" name="toh56-v3.tmx" owner="celso" group="git-push" mode="664" created="2024-02-29T22:05:39Z" modified="2024-02-29T22:07:40Z" filename="toh56-v3.tmx" mimetype="application/xml">
        <acl entries="0" version="1"/>
    </resource>
    <resource type="XMLResource" name="toh269-v3.tmx" owner="celso" group="git-push" mode="664" created="2024-02-29T22:05:42Z" modified="2024-02-29T22:07:40Z" filename="toh269-v3.tmx" mimetype="application/xml">
        <acl entries="0" version="1"/>
    </resource>
    <resource type="XMLResource" name="toh331-v3.tmx" owner="celso" group="git-push" mode="664" created="2024-02-29T22:05:42Z" modified="2024-02-29T22:07:40Z" filename="toh331-v3.tmx" mimetype="application/xml">
        <acl entries="0" version="1"/>
    </resource>
    <resource type="XMLResource" name="toh646-v3.tmx" owner="celso" group="git-push" mode="664" created="2024-02-29T22:05:42Z" modified="2024-02-29T22:07:40Z" filename="toh646-v3.tmx" mimetype="application/xml">
        <acl entries="0" version="1"/>
    </resource>
    <resource type="XMLResource" name="toh647-v3.tmx" owner="celso" group="git-push" mode="664" created="2024-02-29T22:05:42Z" modified="2024-02-29T22:07:40Z" filename="toh647-v3.tmx" mimetype="application/xml">
        <acl entries="0" version="1"/>
    </resource>
    <resource type="XMLResource" name="toh665-v3.tmx" owner="celso" group="git-push" mode="664" created="2024-02-29T22:05:42Z" modified="2024-02-29T22:07:40Z" filename="toh665-v3.tmx" mimetype="application/xml">
        <acl entries="0" version="1"/>
    </resource>
    <resource type="XMLResource" name="toh666-v3.tmx" owner="celso" group="git-push" mode="664" created="2024-02-29T22:05:42Z" modified="2024-02-29T22:07:40Z" filename="toh666-v3.tmx" mimetype="application/xml">
        <acl entries="0" version="1"/>
    </resource>
    <resource type="XMLResource" name="toh667-v3.tmx" owner="celso" group="git-push" mode="664" created="2024-02-29T22:05:42Z" modified="2024-02-29T22:07:41Z" filename="toh667-v3.tmx" mimetype="application/xml">
        <acl entries="0" version="1"/>
    </resource>
    <resource type="XMLResource" name="toh668-v3.tmx" owner="celso" group="git-push" mode="664" created="2024-02-29T22:05:43Z" modified="2024-02-29T22:07:41Z" filename="toh668-v3.tmx" mimetype="application/xml">
        <acl entries="0" version="1"/>
    </resource>
    <resource type="XMLResource" name="toh669-v3.tmx" owner="celso" group="git-push" mode="664" created="2024-02-29T22:05:43Z" modified="2024-02-29T22:07:41Z" filename="toh669-v3.tmx" mimetype="application/xml">
        <acl entries="0" version="1"/>
    </resource>
    <resource type="XMLResource" name="toh670-v3.tmx" owner="celso" group="git-push" mode="664" created="2024-02-29T22:05:43Z" modified="2024-02-29T22:07:41Z" filename="toh670-v3.tmx" mimetype="application/xml">
        <acl entries="0" version="1"/>
    </resource>
    <resource type="XMLResource" name="toh865-v3.tmx" owner="celso" group="git-push" mode="664" created="2024-02-29T22:05:43Z" modified="2024-02-29T22:07:41Z" filename="toh865-v3.tmx" mimetype="application/xml">
        <acl entries="0" version="1"/>
    </resource>
    <resource type="XMLResource" name="toh891-v3.tmx" owner="celso" group="git-push" mode="664" created="2024-02-29T22:05:43Z" modified="2024-02-29T22:07:41Z" filename="toh891-v3.tmx" mimetype="application/xml">
        <acl entries="0" version="1"/>
    </resource>
    <resource type="XMLResource" name="toh953-v3.tmx" owner="celso" group="git-push" mode="664" created="2024-02-29T22:05:43Z" modified="2024-02-29T22:07:41Z" filename="toh953-v3.tmx" mimetype="application/xml">
        <acl entries="0" version="1"/>
    </resource>
    <resource type="XMLResource" name="toh19-v4.tmx" owner="admin" group="tei" mode="664" created="2023-11-20T16:24:43Z" modified="2023-11-21T18:44:54Z" filename="toh19-v4.tmx" mimetype="application/xml">
        <acl entries="0" version="1"/>
    </resource>
    <resource type="XMLResource" name="toh44-38-v4.tmx" owner="admin" group="tei" mode="664" created="2023-11-20T16:24:44Z" modified="2023-11-21T18:44:54Z" filename="toh44-38-v4.tmx" mimetype="application/xml">
        <acl entries="0" version="1"/>
    </resource>
    <resource type="XMLResource" name="toh46-v4.tmx" owner="admin" group="tei" mode="664" created="2023-11-20T16:24:51Z" modified="2023-11-21T18:44:54Z" filename="toh46-v4.tmx" mimetype="application/xml">
        <acl entries="0" version="1"/>
    </resource>
    <resource type="XMLResource" name="toh58-v4.tmx" owner="admin" group="tei" mode="664" created="2023-11-20T16:24:55Z" modified="2023-11-21T18:44:55Z" filename="toh58-v4.tmx" mimetype="application/xml">
        <acl entries="0" version="1"/>
    </resource>
    <resource type="XMLResource" name="toh59-v4.tmx" owner="admin" group="tei" mode="664" created="2023-11-20T16:24:55Z" modified="2023-11-21T18:44:55Z" filename="toh59-v4.tmx" mimetype="application/xml">
        <acl entries="0" version="1"/>
    </resource>
    <resource type="XMLResource" name="toh71-v4.tmx" owner="admin" group="tei" mode="664" created="2023-11-20T16:24:59Z" modified="2023-11-21T18:44:55Z" filename="toh71-v4.tmx" mimetype="application/xml">
        <acl entries="0" version="1"/>
    </resource>
    <resource type="XMLResource" name="toh81-v4.tmx" owner="admin" group="tei" mode="664" created="2023-11-20T16:24:59Z" modified="2023-11-21T18:44:55Z" filename="toh81-v4.tmx" mimetype="application/xml">
        <acl entries="0" version="1"/>
    </resource>
    <resource type="XMLResource" name="toh104-v4.tmx" owner="admin" group="tei" mode="664" created="2023-11-20T16:25:27Z" modified="2023-11-21T18:44:55Z" filename="toh104-v4.tmx" mimetype="application/xml">
        <acl entries="0" version="1"/>
    </resource>
    <resource type="XMLResource" name="toh109-v4.tmx" owner="admin" group="tei" mode="664" created="2023-11-20T16:25:28Z" modified="2023-11-21T18:44:55Z" filename="toh109-v4.tmx" mimetype="application/xml">
        <acl entries="0" version="1"/>
    </resource>
    <resource type="XMLResource" name="toh124-v4.tmx" owner="admin" group="tei" mode="664" created="2023-11-20T16:25:33Z" modified="2023-11-21T18:44:55Z" filename="toh124-v4.tmx" mimetype="application/xml">
        <acl entries="0" version="1"/>
    </resource>
    <resource type="XMLResource" name="toh129-v4.tmx" owner="admin" group="tei" mode="664" created="2023-11-20T16:25:37Z" modified="2023-11-21T18:44:56Z" filename="toh129-v4.tmx" mimetype="application/xml">
        <acl entries="0" version="1"/>
    </resource>
    <resource type="XMLResource" name="toh139-v4.tmx" owner="admin" group="tei" mode="664" created="2023-11-20T16:25:41Z" modified="2023-11-21T18:44:56Z" filename="toh139-v4.tmx" mimetype="application/xml">
        <acl entries="0" version="1"/>
    </resource>
    <resource type="XMLResource" name="toh141-v4.tmx" owner="admin" group="tei" mode="664" created="2023-11-20T16:25:41Z" modified="2023-11-21T18:44:56Z" filename="toh141-v4.tmx" mimetype="application/xml">
        <acl entries="0" version="1"/>
    </resource>
    <resource type="XMLResource" name="toh145-v4.tmx" owner="admin" group="tei" mode="664" created="2023-11-20T16:25:41Z" modified="2023-11-21T18:44:56Z" filename="toh145-v4.tmx" mimetype="application/xml">
        <acl entries="0" version="1"/>
    </resource>
    <resource type="XMLResource" name="toh162-v4.tmx" owner="admin" group="tei" mode="664" created="2023-11-20T16:25:49Z" modified="2023-11-21T18:44:56Z" filename="toh162-v4.tmx" mimetype="application/xml">
        <acl entries="0" version="1"/>
    </resource>
    <resource type="XMLResource" name="toh166-v4.tmx" owner="admin" group="tei" mode="664" created="2023-11-20T16:25:50Z" modified="2023-11-21T18:44:56Z" filename="toh166-v4.tmx" mimetype="application/xml">
        <acl entries="0" version="1"/>
    </resource>
    <resource type="XMLResource" name="toh173-v4.tmx" owner="admin" group="tei" mode="664" created="2023-11-20T16:25:50Z" modified="2023-11-21T18:44:56Z" filename="toh173-v4.tmx" mimetype="application/xml">
        <acl entries="0" version="1"/>
    </resource>
    <resource type="XMLResource" name="toh181-v4.tmx" owner="admin" group="tei" mode="664" created="2023-11-20T16:25:55Z" modified="2023-11-21T18:44:56Z" filename="toh181-v4.tmx" mimetype="application/xml">
        <acl entries="0" version="1"/>
    </resource>
    <resource type="XMLResource" name="toh192-v4.tmx" owner="admin" group="tei" mode="664" created="2023-11-20T16:25:58Z" modified="2023-11-21T18:44:57Z" filename="toh192-v4.tmx" mimetype="application/xml">
        <acl entries="0" version="1"/>
    </resource>
    <resource type="XMLResource" name="toh198-v4.tmx" owner="admin" group="tei" mode="664" created="2023-11-20T16:25:59Z" modified="2023-11-21T18:44:57Z" filename="toh198-v4.tmx" mimetype="application/xml">
        <acl entries="0" version="1"/>
    </resource>
    <resource type="XMLResource" name="toh203-v4.tmx" owner="admin" group="tei" mode="664" created="2023-11-20T16:26:01Z" modified="2023-11-21T18:44:57Z" filename="toh203-v4.tmx" mimetype="application/xml">
        <acl entries="0" version="1"/>
    </resource>
    <resource type="XMLResource" name="toh206-v4.tmx" owner="admin" group="tei" mode="664" created="2023-11-20T16:26:01Z" modified="2023-11-21T18:44:57Z" filename="toh206-v4.tmx" mimetype="application/xml">
        <acl entries="0" version="1"/>
    </resource>
    <resource type="XMLResource" name="toh208-v4.tmx" owner="admin" group="tei" mode="664" created="2023-11-20T16:26:02Z" modified="2023-11-21T18:44:57Z" filename="toh208-v4.tmx" mimetype="application/xml">
        <acl entries="0" version="1"/>
    </resource>
    <resource type="XMLResource" name="toh1-1-v1.tmx" owner="admin" group="tei" mode="664" created="2023-11-20T16:24:18Z" modified="2024-05-12T16:07:05Z" filename="toh1-1-v1.tmx" mimetype="application/xml">
        <acl entries="0" version="1"/>
    </resource>
    <resource type="XMLResource" name="toh11-v1.tmx" owner="admin" group="tei" mode="664" created="2023-11-20T16:24:36Z" modified="2024-05-06T17:00:20Z" filename="toh11-v1.tmx" mimetype="application/xml">
        <acl entries="0" version="1"/>
    </resource>
    <resource type="XMLResource" name="toh44-31-v4.tmx" owner="celso" group="git-push" mode="664" created="2024-03-26T21:10:18Z" modified="2024-03-26T21:18:07Z" filename="toh44-31-v4.tmx" mimetype="application/xml">
        <acl entries="0" version="1"/>
    </resource>
    <resource type="XMLResource" name="toh44-45-v3.tmx" owner="admin" group="tei" mode="664" created="2023-11-20T16:24:44Z" modified="2023-11-20T16:28:35Z" filename="toh44-45-v3.tmx" mimetype="application/xml">
        <acl entries="0" version="1"/>
    </resource>
    <resource type="XMLResource" name="toh112-v4.tmx" owner="celso" group="git-push" mode="664" created="2024-03-26T21:10:29Z" modified="2024-03-26T21:18:08Z" filename="toh112-v4.tmx" mimetype="application/xml">
        <acl entries="0" version="1"/>
    </resource>
    <resource type="XMLResource" name="toh52-v1.tmx" owner="admin" group="tei" mode="664" created="2023-11-20T16:24:53Z" modified="2023-11-20T16:28:38Z" filename="toh52-v1.tmx" mimetype="application/xml">
        <acl entries="0" version="1"/>
    </resource>
    <resource type="XMLResource" name="toh62-v3.tmx" owner="admin" group="tei" mode="664" created="2023-11-20T16:24:57Z" modified="2023-11-20T16:28:40Z" filename="toh62-v3.tmx" mimetype="application/xml">
        <acl entries="0" version="1"/>
    </resource>
    <resource type="XMLResource" name="toh68-v3.tmx" owner="admin" group="tei" mode="664" created="2023-11-20T16:24:58Z" modified="2023-11-20T16:28:40Z" filename="toh68-v3.tmx" mimetype="application/xml">
        <acl entries="0" version="1"/>
    </resource>
    <resource type="XMLResource" name="toh72-v3.tmx" owner="admin" group="tei" mode="664" created="2023-11-20T16:24:59Z" modified="2023-11-20T16:28:41Z" filename="toh72-v3.tmx" mimetype="application/xml">
        <acl entries="0" version="1"/>
    </resource>
    <resource type="XMLResource" name="toh83-v1.tmx" owner="admin" group="tei" mode="664" created="2023-11-20T16:24:59Z" modified="2023-11-20T16:28:41Z" filename="toh83-v1.tmx" mimetype="application/xml">
        <acl entries="0" version="1"/>
    </resource>
    <resource type="XMLResource" name="toh85-v1.tmx" owner="admin" group="tei" mode="664" created="2023-11-20T16:25:00Z" modified="2023-11-20T16:28:41Z" filename="toh85-v1.tmx" mimetype="application/xml">
        <acl entries="0" version="1"/>
    </resource>
    <resource type="XMLResource" name="toh86-v1.tmx" owner="admin" group="tei" mode="664" created="2023-11-20T16:25:00Z" modified="2024-05-06T15:16:31Z" filename="toh86-v1.tmx" mimetype="application/xml">
        <acl entries="0" version="1"/>
    </resource>
    <resource type="XMLResource" name="toh95-v1.tmx" owner="admin" group="tei" mode="664" created="2023-11-20T16:25:07Z" modified="2023-11-20T16:28:44Z" filename="toh95-v1.tmx" mimetype="application/xml">
        <acl entries="0" version="1"/>
    </resource>
    <resource type="XMLResource" name="toh100-v1.tmx" owner="admin" group="tei" mode="664" created="2023-11-20T16:25:16Z" modified="2024-05-12T16:54:49Z" filename="toh100-v1.tmx" mimetype="application/xml">
        <acl entries="0" version="1"/>
    </resource>
    <resource type="XMLResource" name="toh113-v1.tmx" owner="admin" group="tei" mode="664" created="2023-11-20T16:25:28Z" modified="2024-05-12T17:40:36Z" filename="toh113-v1.tmx" mimetype="application/xml">
        <acl entries="0" version="1"/>
    </resource>
    <resource type="XMLResource" name="toh114-v1.tmx" owner="admin" group="tei" mode="664" created="2023-11-20T16:25:31Z" modified="2023-11-20T16:28:52Z" filename="toh114-v1.tmx" mimetype="application/xml">
        <acl entries="0" version="1"/>
    </resource>
    <resource type="XMLResource" name="toh115-v1.tmx" owner="admin" group="tei" mode="664" created="2023-11-20T16:25:31Z" modified="2024-05-06T17:57:16Z" filename="toh115-v1.tmx" mimetype="application/xml">
        <acl entries="0" version="1"/>
    </resource>
    <resource type="XMLResource" name="toh116-v1.tmx" owner="admin" group="tei" mode="664" created="2023-11-20T16:25:32Z" modified="2023-11-20T16:28:52Z" filename="toh116-v1.tmx" mimetype="application/xml">
        <acl entries="0" version="1"/>
    </resource>
    <resource type="XMLResource" name="toh122-v1.tmx" owner="admin" group="tei" mode="664" created="2023-11-20T16:25:33Z" modified="2023-11-20T16:28:52Z" filename="toh122-v1.tmx" mimetype="application/xml">
        <acl entries="0" version="1"/>
    </resource>
    <resource type="XMLResource" name="toh127-v1.tmx" owner="admin" group="tei" mode="664" created="2023-11-20T16:25:34Z" modified="2023-11-20T16:28:53Z" filename="toh127-v1.tmx" mimetype="application/xml">
        <acl entries="0" version="1"/>
    </resource>
    <resource type="XMLResource" name="toh130-v1.tmx" owner="admin" group="tei" mode="664" created="2023-11-20T16:25:38Z" modified="2023-11-20T16:28:55Z" filename="toh130-v1.tmx" mimetype="application/xml">
        <acl entries="0" version="1"/>
    </resource>
    <resource type="XMLResource" name="toh138-v4.tmx" owner="celso" group="git-push" mode="664" created="2023-12-12T22:30:41Z" modified="2023-12-12T22:34:12Z" filename="toh138-v4.tmx" mimetype="application/xml">
        <acl entries="0" version="1"/>
    </resource>
    <resource type="XMLResource" name="toh150-v1.tmx" owner="admin" group="tei" mode="664" created="2023-11-20T16:25:44Z" modified="2023-11-20T16:28:58Z" filename="toh150-v1.tmx" mimetype="application/xml">
        <acl entries="0" version="1"/>
    </resource>
    <resource type="XMLResource" name="toh153-v3.tmx" owner="admin" group="tei" mode="664" created="2023-11-20T16:25:45Z" modified="2023-11-20T16:28:58Z" filename="toh153-v3.tmx" mimetype="application/xml">
        <acl entries="0" version="1"/>
    </resource>
    <resource type="XMLResource" name="toh155-v1.tmx" owner="admin" group="tei" mode="664" created="2023-11-20T16:25:47Z" modified="2023-11-20T16:28:59Z" filename="toh155-v1.tmx" mimetype="application/xml">
        <acl entries="0" version="1"/>
    </resource>
    <resource type="XMLResource" name="toh159-v3.tmx" owner="admin" group="tei" mode="664" created="2023-11-20T16:25:47Z" modified="2023-11-20T16:28:59Z" filename="toh159-v3.tmx" mimetype="application/xml">
        <acl entries="0" version="1"/>
    </resource>
    <resource type="XMLResource" name="toh160-v3.tmx" owner="admin" group="tei" mode="664" created="2023-11-20T16:25:48Z" modified="2023-11-20T16:28:59Z" filename="toh160-v3.tmx" mimetype="application/xml">
        <acl entries="0" version="1"/>
    </resource>
    <resource type="XMLResource" name="toh165-v3.tmx" owner="admin" group="tei" mode="664" created="2023-11-20T16:25:50Z" modified="2023-11-20T16:29:00Z" filename="toh165-v3.tmx" mimetype="application/xml">
        <acl entries="0" version="1"/>
    </resource>
    <resource type="XMLResource" name="toh171-v1.tmx" owner="admin" group="tei" mode="664" created="2023-11-20T16:25:50Z" modified="2023-11-20T16:29:00Z" filename="toh171-v1.tmx" mimetype="application/xml">
        <acl entries="0" version="1"/>
    </resource>
    <resource type="XMLResource" name="toh175-v3.tmx" owner="admin" group="tei" mode="664" created="2023-11-20T16:25:51Z" modified="2023-11-20T16:29:01Z" filename="toh175-v3.tmx" mimetype="application/xml">
        <acl entries="0" version="1"/>
    </resource>
    <resource type="XMLResource" name="toh176-v1.tmx" owner="admin" group="tei" mode="664" created="2023-11-20T16:25:53Z" modified="2023-11-20T16:29:01Z" filename="toh176-v1.tmx" mimetype="application/xml">
        <acl entries="0" version="1"/>
    </resource>
    <resource type="XMLResource" name="toh179-v1.tmx" owner="admin" group="tei" mode="664" created="2023-11-20T16:25:54Z" modified="2023-11-20T16:29:02Z" filename="toh179-v1.tmx" mimetype="application/xml">
        <acl entries="0" version="1"/>
    </resource>
    <resource type="XMLResource" name="toh193-v1.tmx" owner="admin" group="tei" mode="664" created="2023-11-20T16:25:58Z" modified="2023-11-20T16:29:03Z" filename="toh193-v1.tmx" mimetype="application/xml">
        <acl entries="0" version="1"/>
    </resource>
    <resource type="XMLResource" name="toh194-v1.tmx" owner="admin" group="tei" mode="664" created="2023-11-20T16:25:58Z" modified="2023-11-20T16:29:03Z" filename="toh194-v1.tmx" mimetype="application/xml">
        <acl entries="0" version="1"/>
    </resource>
    <resource type="XMLResource" name="toh195-v3.tmx" owner="admin" group="tei" mode="664" created="2023-11-20T16:25:59Z" modified="2023-11-20T16:29:04Z" filename="toh195-v3.tmx" mimetype="application/xml">
        <acl entries="0" version="1"/>
    </resource>
    <resource type="XMLResource" name="toh1059-v3.tmx" owner="admin" group="tei" mode="664" created="2023-11-22T16:38:58Z" modified="2023-11-22T16:40:27Z" filename="toh1059-v3.tmx" mimetype="application/xml">
        <acl entries="0" version="1"/>
    </resource>
    <resource type="XMLResource" name="toh199-v3.tmx" owner="admin" group="tei" mode="664" created="2023-11-20T16:26:00Z" modified="2023-11-20T16:29:04Z" filename="toh199-v3.tmx" mimetype="application/xml">
        <acl entries="0" version="1"/>
    </resource>
    <resource type="XMLResource" name="toh201-v3.tmx" owner="admin" group="tei" mode="664" created="2023-11-20T16:26:00Z" modified="2023-11-20T16:29:04Z" filename="toh201-v3.tmx" mimetype="application/xml">
        <acl entries="0" version="1"/>
    </resource>
    <resource type="XMLResource" name="toh202-v3.tmx" owner="admin" group="tei" mode="664" created="2023-11-20T16:26:01Z" modified="2023-11-20T16:29:04Z" filename="toh202-v3.tmx" mimetype="application/xml">
        <acl entries="0" version="1"/>
    </resource>
    <resource type="XMLResource" name="toh210-v1.tmx" owner="admin" group="tei" mode="664" created="2023-11-20T16:26:02Z" modified="2024-05-09T15:21:17Z" filename="toh210-v1.tmx" mimetype="application/xml">
        <acl entries="0" version="1"/>
    </resource>
    <resource type="XMLResource" name="toh212-v1.tmx" owner="admin" group="tei" mode="664" created="2023-11-20T16:26:02Z" modified="2023-11-20T16:29:05Z" filename="toh212-v1.tmx" mimetype="application/xml">
        <acl entries="0" version="1"/>
    </resource>
    <resource type="XMLResource" name="toh217-v3.tmx" owner="admin" group="tei" mode="664" created="2023-11-20T16:26:02Z" modified="2023-11-20T16:29:05Z" filename="toh217-v3.tmx" mimetype="application/xml">
        <acl entries="0" version="1"/>
    </resource>
    <resource type="XMLResource" name="toh218-v1.tmx" owner="admin" group="tei" mode="664" created="2023-11-20T16:26:02Z" modified="2023-11-20T16:29:05Z" filename="toh218-v1.tmx" mimetype="application/xml">
        <acl entries="0" version="1"/>
    </resource>
    <resource type="XMLResource" name="toh231-v1.tmx" owner="admin" group="tei" mode="664" created="2023-11-20T16:26:03Z" modified="2023-11-20T16:29:05Z" filename="toh231-v1.tmx" mimetype="application/xml">
        <acl entries="0" version="1"/>
    </resource>
    <resource type="XMLResource" name="toh246-v3.tmx" owner="admin" group="tei" mode="664" created="2023-11-20T16:26:05Z" modified="2023-11-20T16:29:06Z" filename="toh246-v3.tmx" mimetype="application/xml">
        <acl entries="0" version="1"/>
    </resource>
    <resource type="XMLResource" name="toh247-v1.tmx" owner="admin" group="tei" mode="664" created="2023-11-20T16:26:05Z" modified="2023-11-20T16:29:06Z" filename="toh247-v1.tmx" mimetype="application/xml">
        <acl entries="0" version="1"/>
    </resource>
    <resource type="XMLResource" name="toh260-v1.tmx" owner="admin" group="tei" mode="664" created="2023-11-20T16:26:08Z" modified="2023-11-20T16:29:07Z" filename="toh260-v1.tmx" mimetype="application/xml">
        <acl entries="0" version="1"/>
    </resource>
    <resource type="XMLResource" name="toh266-v3.tmx" owner="admin" group="tei" mode="664" created="2023-11-20T16:26:08Z" modified="2023-11-20T16:29:07Z" filename="toh266-v3.tmx" mimetype="application/xml">
        <acl entries="0" version="1"/>
    </resource>
    <resource type="XMLResource" name="toh267-v1.tmx" owner="admin" group="tei" mode="664" created="2023-11-20T16:26:09Z" modified="2023-11-20T16:29:07Z" filename="toh267-v1.tmx" mimetype="application/xml">
        <acl entries="0" version="1"/>
    </resource>
    <resource type="XMLResource" name="toh268-v3.tmx" owner="admin" group="tei" mode="664" created="2023-11-20T16:26:09Z" modified="2023-11-20T16:29:07Z" filename="toh268-v3.tmx" mimetype="application/xml">
        <acl entries="0" version="1"/>
    </resource>
    <resource type="XMLResource" name="toh278-v3.tmx" owner="admin" group="tei" mode="664" created="2023-11-20T16:26:09Z" modified="2023-11-20T16:29:07Z" filename="toh278-v3.tmx" mimetype="application/xml">
        <acl entries="0" version="1"/>
    </resource>
    <resource type="XMLResource" name="toh282-v1.tmx" owner="admin" group="tei" mode="664" created="2023-11-20T16:26:09Z" modified="2023-11-20T16:29:07Z" filename="toh282-v1.tmx" mimetype="application/xml">
        <acl entries="0" version="1"/>
    </resource>
    <resource type="XMLResource" name="toh283-v1.tmx" owner="admin" group="tei" mode="664" created="2023-11-20T16:26:09Z" modified="2023-11-20T16:29:07Z" filename="toh283-v1.tmx" mimetype="application/xml">
        <acl entries="0" version="1"/>
    </resource>
    <resource type="XMLResource" name="toh300-v1.tmx" owner="admin" group="tei" mode="664" created="2023-11-20T16:26:25Z" modified="2023-11-20T16:29:15Z" filename="toh300-v1.tmx" mimetype="application/xml">
        <acl entries="0" version="1"/>
    </resource>
    <resource type="XMLResource" name="toh309-v1.tmx" owner="admin" group="tei" mode="664" created="2023-11-20T16:26:26Z" modified="2023-11-20T16:29:15Z" filename="toh309-v1.tmx" mimetype="application/xml">
        <acl entries="0" version="1"/>
    </resource>
    <resource type="XMLResource" name="toh9-v3.tmx" owner="admin" group="tei" mode="664" created="2023-11-22T16:42:32Z" modified="2023-11-22T16:44:49Z" filename="toh9-v3.tmx" mimetype="application/xml">
        <acl entries="0" version="1"/>
    </resource>
    <resource type="XMLResource" name="toh67-v3.tmx" owner="admin" group="tei" mode="664" created="2023-11-22T16:42:45Z" modified="2023-11-22T16:44:54Z" filename="toh67-v3.tmx" mimetype="application/xml">
        <acl entries="0" version="1"/>
    </resource>
    <resource type="XMLResource" name="toh313-v3.tmx" owner="admin" group="tei" mode="664" created="2023-11-20T16:26:26Z" modified="2023-11-20T16:29:15Z" filename="toh313-v3.tmx" mimetype="application/xml">
        <acl entries="0" version="1"/>
    </resource>
    <resource type="XMLResource" name="toh51-v4.tmx" owner="celso" group="git-push" mode="664" created="2024-03-26T21:10:26Z" modified="2024-03-26T21:18:08Z" filename="toh51-v4.tmx" mimetype="application/xml">
        <acl entries="0" version="1"/>
    </resource>
    <resource type="XMLResource" name="toh314-v3.tmx" owner="admin" group="tei" mode="664" created="2023-11-20T16:26:28Z" modified="2023-11-20T16:29:15Z" filename="toh314-v3.tmx" mimetype="application/xml">
        <acl entries="0" version="1"/>
    </resource>
    <resource type="XMLResource" name="toh216-v3.tmx" owner="admin" group="tei" mode="664" created="2023-11-22T16:42:48Z" modified="2023-11-22T16:44:55Z" filename="toh216-v3.tmx" mimetype="application/xml">
        <acl entries="0" version="1"/>
    </resource>
    <resource type="XMLResource" name="toh220-v3.tmx" owner="admin" group="tei" mode="664" created="2023-11-22T16:42:49Z" modified="2023-11-22T16:44:55Z" filename="toh220-v3.tmx" mimetype="application/xml">
        <acl entries="0" version="1"/>
    </resource>
    <resource type="XMLResource" name="toh317-v3.tmx" owner="admin" group="tei" mode="664" created="2023-11-20T16:26:28Z" modified="2023-11-20T16:29:15Z" filename="toh317-v3.tmx" mimetype="application/xml">
        <acl entries="0" version="1"/>
    </resource>
    <resource type="XMLResource" name="toh559-v4.tmx" owner="celso" group="git-push" mode="664" created="2024-01-24T15:30:20Z" modified="2024-01-24T15:42:19Z" filename="toh559-v4.tmx" mimetype="application/xml">
        <acl entries="0" version="1"/>
    </resource>
    <resource type="XMLResource" name="toh235-v3.tmx" owner="admin" group="tei" mode="664" created="2023-11-22T16:42:52Z" modified="2023-11-22T16:44:57Z" filename="toh235-v3.tmx" mimetype="application/xml">
        <acl entries="0" version="1"/>
    </resource>
    <resource type="XMLResource" name="toh241-v3.tmx" owner="admin" group="tei" mode="664" created="2023-11-22T16:42:52Z" modified="2023-11-22T16:44:57Z" filename="toh241-v3.tmx" mimetype="application/xml">
        <acl entries="0" version="1"/>
    </resource>
    <resource type="XMLResource" name="toh333-v3.tmx" owner="admin" group="tei" mode="664" created="2023-11-20T16:26:29Z" modified="2023-11-20T16:29:15Z" filename="toh333-v3.tmx" mimetype="application/xml">
        <acl entries="0" version="1"/>
    </resource>
    <resource type="XMLResource" name="toh250-v3.tmx" owner="admin" group="tei" mode="664" created="2023-11-22T16:42:52Z" modified="2023-11-22T16:44:57Z" filename="toh250-v3.tmx" mimetype="application/xml">
        <acl entries="0" version="1"/>
    </resource>
    <resource type="XMLResource" name="toh251-v3.tmx" owner="admin" group="tei" mode="664" created="2023-11-22T16:42:52Z" modified="2023-11-22T16:44:57Z" filename="toh251-v3.tmx" mimetype="application/xml">
        <acl entries="0" version="1"/>
    </resource>
    <resource type="XMLResource" name="toh259-v3.tmx" owner="admin" group="tei" mode="664" created="2023-11-22T16:42:52Z" modified="2023-11-22T16:44:57Z" filename="toh259-v3.tmx" mimetype="application/xml">
        <acl entries="0" version="1"/>
    </resource>
    <resource type="XMLResource" name="toh337-v1.tmx" owner="admin" group="tei" mode="664" created="2023-11-20T16:26:29Z" modified="2023-11-20T16:29:15Z" filename="toh337-v1.tmx" mimetype="application/xml">
        <acl entries="0" version="1"/>
    </resource>
    <resource type="XMLResource" name="toh297-v3.tmx" owner="admin" group="tei" mode="664" created="2023-11-22T16:42:52Z" modified="2023-11-22T16:44:57Z" filename="toh297-v3.tmx" mimetype="application/xml">
        <acl entries="0" version="1"/>
    </resource>
    <resource type="XMLResource" name="toh302-v3.tmx" owner="admin" group="tei" mode="664" created="2023-11-22T16:42:52Z" modified="2023-11-22T16:44:57Z" filename="toh302-v3.tmx" mimetype="application/xml">
        <acl entries="0" version="1"/>
    </resource>
    <resource type="XMLResource" name="toh305-v3.tmx" owner="admin" group="tei" mode="664" created="2023-11-22T16:42:52Z" modified="2023-11-22T16:44:57Z" filename="toh305-v3.tmx" mimetype="application/xml">
        <acl entries="0" version="1"/>
    </resource>
    <resource type="XMLResource" name="toh310-v3.tmx" owner="admin" group="tei" mode="664" created="2023-11-22T16:42:52Z" modified="2023-11-22T16:44:57Z" filename="toh310-v3.tmx" mimetype="application/xml">
        <acl entries="0" version="1"/>
    </resource>
    <resource type="XMLResource" name="toh342-v3.tmx" owner="admin" group="tei" mode="664" created="2023-11-20T16:26:35Z" modified="2023-11-20T16:29:18Z" filename="toh342-v3.tmx" mimetype="application/xml">
        <acl entries="0" version="1"/>
    </resource>
    <resource type="XMLResource" name="toh311-v3.tmx" owner="admin" group="tei" mode="664" created="2023-11-22T16:42:52Z" modified="2023-11-22T16:44:57Z" filename="toh311-v3.tmx" mimetype="application/xml">
        <acl entries="0" version="1"/>
    </resource>
    <resource type="XMLResource" name="toh344-v3.tmx" owner="admin" group="tei" mode="664" created="2023-11-20T16:26:35Z" modified="2023-11-20T16:29:18Z" filename="toh344-v3.tmx" mimetype="application/xml">
        <acl entries="0" version="1"/>
    </resource>
    <resource type="XMLResource" name="toh354-v3.tmx" owner="admin" group="tei" mode="664" created="2023-11-22T16:42:53Z" modified="2023-11-22T16:44:57Z" filename="toh354-v3.tmx" mimetype="application/xml">
        <acl entries="0" version="1"/>
    </resource>
    <resource type="XMLResource" name="toh345-v3.tmx" owner="admin" group="tei" mode="664" created="2023-11-20T16:26:36Z" modified="2023-11-20T16:29:18Z" filename="toh345-v3.tmx" mimetype="application/xml">
        <acl entries="0" version="1"/>
    </resource>
    <resource type="XMLResource" name="toh355-v3.tmx" owner="admin" group="tei" mode="664" created="2023-11-22T16:42:53Z" modified="2023-11-22T16:44:57Z" filename="toh355-v3.tmx" mimetype="application/xml">
        <acl entries="0" version="1"/>
    </resource>
    <resource type="XMLResource" name="toh3808-v3.tmx" owner="admin" group="tei" mode="664" created="2023-11-27T20:34:17Z" modified="2023-11-27T20:39:11Z" filename="toh3808-v3.tmx" mimetype="application/xml">
        <acl entries="0" version="1"/>
    </resource>
    <resource type="XMLResource" name="toh347-v3.tmx" owner="admin" group="tei" mode="664" created="2023-11-20T16:26:36Z" modified="2023-11-20T16:29:18Z" filename="toh347-v3.tmx" mimetype="application/xml">
        <acl entries="0" version="1"/>
    </resource>
    <resource type="XMLResource" name="toh505a-v3.tmx" owner="admin" group="tei" mode="664" created="2023-11-22T16:42:53Z" modified="2023-11-30T23:47:08Z" filename="toh505a-v3.tmx" mimetype="application/xml">
        <acl entries="0" version="1"/>
    </resource>
    <resource type="XMLResource" name="toh3990-v3.tmx" owner="admin" group="tei" mode="664" created="2023-11-27T20:34:20Z" modified="2023-11-27T20:39:12Z" filename="toh3990-v3.tmx" mimetype="application/xml">
        <acl entries="0" version="1"/>
    </resource>
    <resource type="XMLResource" name="toh349-v3.tmx" owner="admin" group="tei" mode="664" created="2023-11-20T16:26:37Z" modified="2023-11-20T16:29:18Z" filename="toh349-v3.tmx" mimetype="application/xml">
        <acl entries="0" version="1"/>
    </resource>
    <resource type="XMLResource" name="toh507-v3.tmx" owner="admin" group="tei" mode="664" created="2023-11-22T16:42:53Z" modified="2023-11-22T16:44:57Z" filename="toh507-v3.tmx" mimetype="application/xml">
        <acl entries="0" version="1"/>
    </resource>
    <resource type="XMLResource" name="toh226-v3.tmx" owner="admin" group="tei" mode="664" created="2023-11-27T20:37:07Z" modified="2023-11-27T20:39:12Z" filename="toh226-v3.tmx" mimetype="application/xml">
        <acl entries="0" version="1"/>
    </resource>
    <resource type="XMLResource" name="toh528-v3.tmx" owner="admin" group="tei" mode="664" created="2023-11-22T16:42:53Z" modified="2023-11-22T16:44:57Z" filename="toh528-v3.tmx" mimetype="application/xml">
        <acl entries="0" version="1"/>
    </resource>
    <resource type="XMLResource" name="toh232-v4.tmx" owner="admin" group="tei" mode="664" created="2023-11-27T20:37:40Z" modified="2023-11-29T01:36:54Z" filename="toh232-v4.tmx" mimetype="application/xml">
        <acl entries="0" version="1"/>
    </resource>
    <resource type="XMLResource" name="toh361-v3.tmx" owner="admin" group="tei" mode="664" created="2023-11-20T16:26:37Z" modified="2023-11-20T16:29:19Z" filename="toh361-v3.tmx" mimetype="application/xml">
        <acl entries="0" version="1"/>
    </resource>
    <resource type="XMLResource" name="toh545-v3.tmx" owner="admin" group="tei" mode="664" created="2023-11-22T16:42:53Z" modified="2023-11-22T16:44:57Z" filename="toh545-v3.tmx" mimetype="application/xml">
        <acl entries="0" version="1"/>
    </resource>
    <resource type="XMLResource" name="toh381-v3.tmx" owner="admin" group="tei" mode="664" created="2023-11-20T16:26:38Z" modified="2023-11-20T16:29:19Z" filename="toh381-v3.tmx" mimetype="application/xml">
        <acl entries="0" version="1"/>
    </resource>
    <resource type="XMLResource" name="toh546-v3.tmx" owner="admin" group="tei" mode="664" created="2023-11-22T16:42:53Z" modified="2023-11-22T16:44:57Z" filename="toh546-v3.tmx" mimetype="application/xml">
        <acl entries="0" version="1"/>
    </resource>
    <resource type="XMLResource" name="toh384-v1.tmx" owner="admin" group="tei" mode="664" created="2023-11-20T16:26:40Z" modified="2023-11-20T16:29:20Z" filename="toh384-v1.tmx" mimetype="application/xml">
        <acl entries="0" version="1"/>
    </resource>
    <resource type="XMLResource" name="toh547-v3.tmx" owner="admin" group="tei" mode="664" created="2023-11-22T16:42:53Z" modified="2023-11-22T16:44:57Z" filename="toh547-v3.tmx" mimetype="application/xml">
        <acl entries="0" version="1"/>
    </resource>
    <resource type="XMLResource" name="toh386-v3.tmx" owner="admin" group="tei" mode="664" created="2023-11-20T16:26:50Z" modified="2023-11-20T16:29:20Z" filename="toh386-v3.tmx" mimetype="application/xml">
        <acl entries="0" version="1"/>
    </resource>
    <resource type="XMLResource" name="toh548-v3.tmx" owner="admin" group="tei" mode="664" created="2023-11-22T16:42:53Z" modified="2023-11-22T16:44:57Z" filename="toh548-v3.tmx" mimetype="application/xml">
        <acl entries="0" version="1"/>
    </resource>
    <resource type="XMLResource" name="toh425-v1.tmx" owner="admin" group="tei" mode="664" created="2023-11-20T16:26:50Z" modified="2023-11-20T16:29:20Z" filename="toh425-v1.tmx" mimetype="application/xml">
        <acl entries="0" version="1"/>
    </resource>
    <resource type="XMLResource" name="toh549-v3.tmx" owner="admin" group="tei" mode="664" created="2023-11-22T16:42:53Z" modified="2023-11-22T16:44:57Z" filename="toh549-v3.tmx" mimetype="application/xml">
        <acl entries="0" version="1"/>
    </resource>
    <resource type="XMLResource" name="toh431-v1.tmx" owner="admin" group="tei" mode="664" created="2023-11-20T16:26:50Z" modified="2023-11-20T16:29:20Z" filename="toh431-v1.tmx" mimetype="application/xml">
        <acl entries="0" version="1"/>
    </resource>
    <resource type="XMLResource" name="toh550-v3.tmx" owner="admin" group="tei" mode="664" created="2023-11-22T16:42:54Z" modified="2023-11-22T16:44:57Z" filename="toh550-v3.tmx" mimetype="application/xml">
        <acl entries="0" version="1"/>
    </resource>
    <resource type="XMLResource" name="toh437-v1.tmx" owner="admin" group="tei" mode="664" created="2023-11-20T16:26:52Z" modified="2023-11-20T16:29:20Z" filename="toh437-v1.tmx" mimetype="application/xml">
        <acl entries="0" version="1"/>
    </resource>
    <resource type="XMLResource" name="toh551-v3.tmx" owner="admin" group="tei" mode="664" created="2023-11-22T16:42:54Z" modified="2023-11-22T16:44:57Z" filename="toh551-v3.tmx" mimetype="application/xml">
        <acl entries="0" version="1"/>
    </resource>
    <resource type="BinaryResource" name="README.md" owner="admin" group="dba" mode="644" created="2019-12-04T09:14:59Z" modified="2024-04-04T13:42:03Z" filename="README.md" mimetype="text/markdown" blob-id="5b82efc6df7d66249ed0d04e6b04c05eb623ccc9620c6230632633cccfbee1f7">
        <acl entries="0" version="1"/>
    </resource>
    <resource type="XMLResource" name="toh248-v3.tmx" owner="celso" group="git-push" mode="664" created="2024-04-25T14:36:10Z" modified="2024-04-25T14:37:22Z" filename="toh248-v3.tmx" mimetype="application/xml">
        <acl entries="0" version="1"/>
    </resource>
    <resource type="XMLResource" name="toh329-v3.tmx" owner="celso" group="git-push" mode="664" created="2024-04-25T14:36:12Z" modified="2024-04-25T14:37:22Z" filename="toh329-v3.tmx" mimetype="application/xml">
        <acl entries="0" version="1"/>
    </resource>
    <resource type="XMLResource" name="toh330-v3.tmx" owner="celso" group="git-push" mode="664" created="2024-04-25T14:36:12Z" modified="2024-04-25T14:37:22Z" filename="toh330-v3.tmx" mimetype="application/xml">
        <acl entries="0" version="1"/>
    </resource>
    <resource type="XMLResource" name="toh1091-v3.tmx" owner="celso" group="git-push" mode="664" created="2024-04-25T14:36:12Z" modified="2024-04-25T14:37:22Z" filename="toh1091-v3.tmx" mimetype="application/xml">
        <acl entries="0" version="1"/>
    </resource>
    <resource type="XMLResource" name="toh4568-3-v3.tmx" owner="celso" group="git-push" mode="664" created="2024-04-25T14:36:12Z" modified="2024-04-25T14:37:22Z" filename="toh4568-3-v3.tmx" mimetype="application/xml">
        <acl entries="0" version="1"/>
    </resource>
    <resource type="XMLResource" name="toh61-v4.tmx" owner="celso" group="git-push" mode="664" created="2024-04-25T14:48:40Z" modified="2024-04-25T14:49:33Z" filename="toh61-v4.tmx" mimetype="application/xml">
        <acl entries="0" version="1"/>
    </resource>
    <resource type="XMLResource" name="toh93-v3.tmx" owner="celso" group="git-push" mode="664" created="2024-04-25T14:48:46Z" modified="2024-04-25T14:49:33Z" filename="toh93-v3.tmx" mimetype="application/xml">
        <acl entries="0" version="1"/>
    </resource>
    <resource type="XMLResource" name="toh190-v4.tmx" owner="celso" group="git-push" mode="664" created="2024-04-25T14:48:46Z" modified="2024-04-25T14:49:33Z" filename="toh190-v4.tmx" mimetype="application/xml">
        <acl entries="0" version="1"/>
    </resource>
    <resource type="XMLResource" name="toh1-6-v3.tmx" owner="celso" group="git-push" mode="664" created="2024-05-08T16:18:15Z" modified="2024-05-08T16:45:21Z" filename="toh1-6-v3.tmx" mimetype="application/xml">
        <acl entries="0" version="1"/>
    </resource>
    <resource type="XMLResource" name="toh10-v3.tmx" owner="celso" group="git-push" mode="664" created="2024-05-08T16:18:25Z" modified="2024-05-08T16:45:23Z" filename="toh10-v3.tmx" mimetype="application/xml">
        <acl entries="0" version="1"/>
    </resource>
    <resource type="XMLResource" name="toh118-v3.tmx" owner="celso" group="git-push" mode="664" created="2024-05-08T16:18:30Z" modified="2024-05-08T16:45:26Z" filename="toh118-v3.tmx" mimetype="application/xml">
        <acl entries="0" version="1"/>
    </resource>
    <resource type="XMLResource" name="toh257-v4.tmx" owner="celso" group="git-push" mode="664" created="2024-01-24T15:30:18Z" modified="2024-05-13T08:02:53Z" filename="toh257-v4.tmx" mimetype="application/xml">
        <acl entries="0" version="1"/>
    </resource>
    <resource type="XMLResource" name="toh686-v3.tmx" owner="celso" group="git-push" mode="664" created="2024-05-09T17:01:28Z" modified="2024-05-13T08:02:54Z" filename="toh686-v3.tmx" mimetype="application/xml">
        <acl entries="0" version="1"/>
    </resource>
    <resource type="XMLResource" name="toh438-v2.tmx" owner="admin" group="tei" mode="664" created="2023-11-20T16:26:52Z" modified="2024-05-13T10:22:21Z" filename="toh438-v2.tmx" mimetype="application/xml">
        <acl entries="0" version="1"/>
    </resource>
    <resource type="XMLResource" name="toh504-v2.tmx" owner="admin" group="tei" mode="664" created="2023-11-20T16:26:52Z" modified="2024-05-13T10:22:21Z" filename="toh504-v2.tmx" mimetype="application/xml">
        <acl entries="0" version="1"/>
    </resource>
    <resource type="XMLResource" name="toh514-v2.tmx" owner="admin" group="tei" mode="664" created="2023-11-20T16:26:53Z" modified="2024-05-13T10:22:21Z" filename="toh514-v2.tmx" mimetype="application/xml">
        <acl entries="0" version="1"/>
    </resource>
    <resource type="XMLResource" name="toh515-v2.tmx" owner="admin" group="tei" mode="664" created="2023-11-20T16:26:53Z" modified="2024-05-13T10:22:21Z" filename="toh515-v2.tmx" mimetype="application/xml">
        <acl entries="0" version="1"/>
    </resource>
    <resource type="XMLResource" name="toh522-v2.tmx" owner="admin" group="tei" mode="664" created="2023-11-20T16:26:53Z" modified="2024-05-13T10:22:21Z" filename="toh522-v2.tmx" mimetype="application/xml">
        <acl entries="0" version="1"/>
    </resource>
    <resource type="XMLResource" name="toh543-v2.tmx" owner="admin" group="tei" mode="664" created="2023-11-20T16:26:53Z" modified="2024-05-13T10:22:22Z" filename="toh543-v2.tmx" mimetype="application/xml">
        <acl entries="0" version="1"/>
    </resource>
    <resource type="XMLResource" name="toh676-v2.tmx" owner="admin" group="tei" mode="664" created="2023-11-20T16:26:58Z" modified="2024-05-13T10:22:24Z" filename="toh676-v2.tmx" mimetype="application/xml">
        <acl entries="0" version="1"/>
    </resource>
    <resource type="XMLResource" name="toh679-v2.tmx" owner="admin" group="tei" mode="664" created="2023-11-20T16:26:58Z" modified="2024-05-13T10:22:24Z" filename="toh679-v2.tmx" mimetype="application/xml">
        <acl entries="0" version="1"/>
    </resource>
    <resource type="XMLResource" name="toh725-v2.tmx" owner="admin" group="tei" mode="664" created="2023-11-20T16:26:58Z" modified="2024-05-13T10:22:24Z" filename="toh725-v2.tmx" mimetype="application/xml">
        <acl entries="0" version="1"/>
    </resource>
    <resource type="XMLResource" name="toh729-v2.tmx" owner="admin" group="tei" mode="664" created="2023-11-20T16:26:59Z" modified="2024-05-13T10:22:24Z" filename="toh729-v2.tmx" mimetype="application/xml">
        <acl entries="0" version="1"/>
    </resource>
    <resource type="XMLResource" name="toh730-v2.tmx" owner="admin" group="tei" mode="664" created="2023-11-20T16:26:59Z" modified="2024-05-13T10:22:24Z" filename="toh730-v2.tmx" mimetype="application/xml">
        <acl entries="0" version="1"/>
    </resource>
    <resource type="XMLResource" name="toh731-v2.tmx" owner="admin" group="tei" mode="664" created="2023-11-20T16:26:59Z" modified="2024-05-13T10:22:24Z" filename="toh731-v2.tmx" mimetype="application/xml">
        <acl entries="0" version="1"/>
    </resource>
    <resource type="XMLResource" name="toh736-v2.tmx" owner="admin" group="tei" mode="664" created="2023-11-20T16:26:59Z" modified="2024-05-13T10:22:24Z" filename="toh736-v2.tmx" mimetype="application/xml">
        <acl entries="0" version="1"/>
    </resource>
    <resource type="XMLResource" name="toh846a-v2.tmx" owner="admin" group="tei" mode="664" created="2023-11-20T16:27:00Z" modified="2024-05-13T10:22:24Z" filename="toh846a-v2.tmx" mimetype="application/xml">
        <acl entries="0" version="1"/>
    </resource>
    <resource type="XMLResource" name="toh846-v2.tmx" owner="admin" group="tei" mode="664" created="2023-11-20T16:27:00Z" modified="2024-05-13T10:22:24Z" filename="toh846-v2.tmx" mimetype="application/xml">
        <acl entries="0" version="1"/>
    </resource>
    <resource type="XMLResource" name="toh21-v2.tmx" owner="admin" group="tei" mode="664" created="2023-11-20T16:24:43Z" modified="2024-05-13T10:22:24Z" filename="toh21-v2.tmx" mimetype="application/xml">
        <acl entries="0" version="1"/>
    </resource>
    <resource type="XMLResource" name="toh44-37-v2.tmx" owner="admin" group="tei" mode="664" created="2023-11-20T16:24:51Z" modified="2024-05-13T10:22:24Z" filename="toh44-37-v2.tmx" mimetype="application/xml">
        <acl entries="0" version="1"/>
    </resource>
    <resource type="XMLResource" name="toh54-v2.tmx" owner="admin" group="tei" mode="664" created="2023-11-20T16:24:53Z" modified="2024-05-13T10:22:24Z" filename="toh54-v2.tmx" mimetype="application/xml">
        <acl entries="0" version="1"/>
    </resource>
    <resource type="XMLResource" name="toh69-v2.tmx" owner="admin" group="tei" mode="664" created="2023-11-20T16:24:58Z" modified="2024-05-13T10:22:25Z" filename="toh69-v2.tmx" mimetype="application/xml">
        <acl entries="0" version="1"/>
    </resource>
    <resource type="XMLResource" name="toh78-v2.tmx" owner="admin" group="tei" mode="664" created="2023-11-20T16:24:59Z" modified="2024-05-13T10:22:25Z" filename="toh78-v2.tmx" mimetype="application/xml">
        <acl entries="0" version="1"/>
    </resource>
    <resource type="XMLResource" name="toh84-v2.tmx" owner="admin" group="tei" mode="664" created="2023-11-20T16:25:00Z" modified="2024-05-13T10:22:25Z" filename="toh84-v2.tmx" mimetype="application/xml">
        <acl entries="0" version="1"/>
    </resource>
    <resource type="XMLResource" name="toh96-v2.tmx" owner="admin" group="tei" mode="664" created="2023-11-20T16:25:12Z" modified="2024-05-13T10:22:25Z" filename="toh96-v2.tmx" mimetype="application/xml">
        <acl entries="0" version="1"/>
    </resource>
    <resource type="XMLResource" name="toh97-v2.tmx" owner="admin" group="tei" mode="664" created="2023-11-20T16:25:12Z" modified="2024-05-13T10:22:25Z" filename="toh97-v2.tmx" mimetype="application/xml">
        <acl entries="0" version="1"/>
    </resource>
    <resource type="XMLResource" name="toh99-v2.tmx" owner="admin" group="tei" mode="664" created="2023-11-20T16:25:13Z" modified="2024-05-13T10:22:26Z" filename="toh99-v2.tmx" mimetype="application/xml">
        <acl entries="0" version="1"/>
    </resource>
    <resource type="XMLResource" name="toh101-v2.tmx" owner="admin" group="tei" mode="664" created="2023-11-20T16:25:26Z" modified="2024-05-13T10:22:29Z" filename="toh101-v2.tmx" mimetype="application/xml">
        <acl entries="0" version="1"/>
    </resource>
    <resource type="XMLResource" name="toh103-v2.tmx" owner="admin" group="tei" mode="664" created="2023-11-20T16:25:27Z" modified="2024-05-13T10:22:31Z" filename="toh103-v2.tmx" mimetype="application/xml">
        <acl entries="0" version="1"/>
    </resource>
    <resource type="XMLResource" name="toh106-v2.tmx" owner="admin" group="tei" mode="664" created="2023-11-20T16:25:28Z" modified="2024-05-13T10:22:31Z" filename="toh106-v2.tmx" mimetype="application/xml">
        <acl entries="0" version="1"/>
    </resource>
    <resource type="XMLResource" name="toh125-v2.tmx" owner="admin" group="tei" mode="664" created="2023-11-20T16:25:34Z" modified="2024-05-13T10:22:32Z" filename="toh125-v2.tmx" mimetype="application/xml">
        <acl entries="0" version="1"/>
    </resource>
    <resource type="XMLResource" name="toh131-v2.tmx" owner="admin" group="tei" mode="664" created="2023-11-20T16:25:38Z" modified="2024-05-13T10:22:32Z" filename="toh131-v2.tmx" mimetype="application/xml">
        <acl entries="0" version="1"/>
    </resource>
    <resource type="XMLResource" name="toh134-v2.tmx" owner="admin" group="tei" mode="664" created="2023-11-20T16:25:38Z" modified="2024-05-13T10:22:32Z" filename="toh134-v2.tmx" mimetype="application/xml">
        <acl entries="0" version="1"/>
    </resource>
    <resource type="XMLResource" name="toh142-v2.tmx" owner="admin" group="tei" mode="664" created="2023-11-20T16:25:41Z" modified="2024-05-13T10:22:32Z" filename="toh142-v2.tmx" mimetype="application/xml">
        <acl entries="0" version="1"/>
    </resource>
    <resource type="XMLResource" name="toh144-v2.tmx" owner="admin" group="tei" mode="664" created="2023-11-20T16:25:41Z" modified="2024-05-13T10:22:32Z" filename="toh144-v2.tmx" mimetype="application/xml">
        <acl entries="0" version="1"/>
    </resource>
    <resource type="XMLResource" name="toh147-v2.tmx" owner="admin" group="tei" mode="664" created="2023-11-20T16:25:42Z" modified="2024-05-13T10:22:33Z" filename="toh147-v2.tmx" mimetype="application/xml">
        <acl entries="0" version="1"/>
    </resource>
    <resource type="XMLResource" name="toh149-v2.tmx" owner="admin" group="tei" mode="664" created="2023-11-20T16:25:43Z" modified="2024-05-13T10:22:34Z" filename="toh149-v2.tmx" mimetype="application/xml">
        <acl entries="0" version="1"/>
    </resource>
    <resource type="XMLResource" name="toh151-v2.tmx" owner="admin" group="tei" mode="664" created="2023-11-20T16:25:44Z" modified="2024-05-13T10:22:34Z" filename="toh151-v2.tmx" mimetype="application/xml">
        <acl entries="0" version="1"/>
    </resource>
    <resource type="XMLResource" name="toh152-v2.tmx" owner="admin" group="tei" mode="664" created="2023-11-20T16:25:44Z" modified="2024-05-13T10:22:34Z" filename="toh152-v2.tmx" mimetype="application/xml">
        <acl entries="0" version="1"/>
    </resource>
    <resource type="XMLResource" name="toh154-v2.tmx" owner="admin" group="tei" mode="664" created="2023-11-20T16:25:46Z" modified="2024-05-13T10:22:35Z" filename="toh154-v2.tmx" mimetype="application/xml">
        <acl entries="0" version="1"/>
    </resource>
    <resource type="XMLResource" name="toh157-v2.tmx" owner="admin" group="tei" mode="664" created="2023-11-20T16:25:47Z" modified="2024-05-13T10:22:35Z" filename="toh157-v2.tmx" mimetype="application/xml">
        <acl entries="0" version="1"/>
    </resource>
    <resource type="XMLResource" name="toh163-v2.tmx" owner="admin" group="tei" mode="664" created="2023-11-20T16:25:49Z" modified="2024-05-13T10:22:36Z" filename="toh163-v2.tmx" mimetype="application/xml">
        <acl entries="0" version="1"/>
    </resource>
    <resource type="XMLResource" name="toh164-v2.tmx" owner="admin" group="tei" mode="664" created="2023-11-20T16:25:49Z" modified="2024-05-13T10:22:36Z" filename="toh164-v2.tmx" mimetype="application/xml">
        <acl entries="0" version="1"/>
    </resource>
    <resource type="XMLResource" name="toh172-v2.tmx" owner="admin" group="tei" mode="664" created="2023-11-20T16:25:50Z" modified="2024-05-13T10:22:36Z" filename="toh172-v2.tmx" mimetype="application/xml">
        <acl entries="0" version="1"/>
    </resource>
    <resource type="XMLResource" name="toh174-v2.tmx" owner="admin" group="tei" mode="664" created="2023-11-20T16:25:50Z" modified="2024-05-13T10:22:36Z" filename="toh174-v2.tmx" mimetype="application/xml">
        <acl entries="0" version="1"/>
    </resource>
    <resource type="XMLResource" name="toh177-v2.tmx" owner="admin" group="tei" mode="664" created="2023-11-20T16:25:54Z" modified="2024-05-13T10:22:37Z" filename="toh177-v2.tmx" mimetype="application/xml">
        <acl entries="0" version="1"/>
    </resource>
    <resource type="XMLResource" name="toh178-v2.tmx" owner="admin" group="tei" mode="664" created="2023-11-20T16:25:54Z" modified="2024-05-13T10:22:37Z" filename="toh178-v2.tmx" mimetype="application/xml">
        <acl entries="0" version="1"/>
    </resource>
    <resource type="XMLResource" name="toh180-v2.tmx" owner="admin" group="tei" mode="664" created="2023-11-20T16:25:55Z" modified="2024-05-13T10:22:37Z" filename="toh180-v2.tmx" mimetype="application/xml">
        <acl entries="0" version="1"/>
    </resource>
    <resource type="XMLResource" name="toh182-v2.tmx" owner="admin" group="tei" mode="664" created="2023-11-20T16:25:56Z" modified="2024-05-13T10:22:37Z" filename="toh182-v2.tmx" mimetype="application/xml">
        <acl entries="0" version="1"/>
    </resource>
    <resource type="XMLResource" name="toh183-v2.tmx" owner="admin" group="tei" mode="664" created="2023-11-20T16:25:56Z" modified="2024-05-13T10:22:38Z" filename="toh183-v2.tmx" mimetype="application/xml">
        <acl entries="0" version="1"/>
    </resource>
    <resource type="XMLResource" name="toh184-v2.tmx" owner="admin" group="tei" mode="664" created="2023-11-20T16:25:56Z" modified="2024-05-13T10:22:38Z" filename="toh184-v2.tmx" mimetype="application/xml">
        <acl entries="0" version="1"/>
    </resource>
    <resource type="XMLResource" name="toh185-v2.tmx" owner="admin" group="tei" mode="664" created="2023-11-20T16:25:57Z" modified="2024-05-13T10:22:38Z" filename="toh185-v2.tmx" mimetype="application/xml">
        <acl entries="0" version="1"/>
    </resource>
    <resource type="XMLResource" name="toh186-v2.tmx" owner="admin" group="tei" mode="664" created="2023-11-20T16:25:58Z" modified="2024-05-13T10:22:38Z" filename="toh186-v2.tmx" mimetype="application/xml">
        <acl entries="0" version="1"/>
    </resource>
    <resource type="XMLResource" name="toh196-v2.tmx" owner="admin" group="tei" mode="664" created="2023-11-20T16:25:59Z" modified="2024-05-13T10:22:38Z" filename="toh196-v2.tmx" mimetype="application/xml">
        <acl entries="0" version="1"/>
    </resource>
    <resource type="XMLResource" name="toh197-v2.tmx" owner="admin" group="tei" mode="664" created="2023-11-20T16:25:59Z" modified="2024-05-13T10:22:38Z" filename="toh197-v2.tmx" mimetype="application/xml">
        <acl entries="0" version="1"/>
    </resource>
    <resource type="XMLResource" name="toh207-v2.tmx" owner="admin" group="tei" mode="664" created="2023-11-20T16:26:02Z" modified="2024-05-13T10:22:38Z" filename="toh207-v2.tmx" mimetype="application/xml">
        <acl entries="0" version="1"/>
    </resource>
    <resource type="XMLResource" name="toh211-v2.tmx" owner="admin" group="tei" mode="664" created="2023-11-20T16:26:02Z" modified="2024-05-13T10:22:39Z" filename="toh211-v2.tmx" mimetype="application/xml">
        <acl entries="0" version="1"/>
    </resource>
    <resource type="XMLResource" name="toh225-v2.tmx" owner="admin" group="tei" mode="664" created="2023-11-20T16:26:03Z" modified="2024-05-13T10:22:39Z" filename="toh225-v2.tmx" mimetype="application/xml">
        <acl entries="0" version="1"/>
    </resource>
    <resource type="XMLResource" name="toh244-v2.tmx" owner="admin" group="tei" mode="664" created="2023-11-20T16:26:05Z" modified="2024-05-13T10:22:39Z" filename="toh244-v2.tmx" mimetype="application/xml">
        <acl entries="0" version="1"/>
    </resource>
    <resource type="XMLResource" name="toh245-v2.tmx" owner="admin" group="tei" mode="664" created="2023-11-20T16:26:05Z" modified="2024-05-13T10:22:39Z" filename="toh245-v2.tmx" mimetype="application/xml">
        <acl entries="0" version="1"/>
    </resource>
    <resource type="XMLResource" name="toh249-v2.tmx" owner="admin" group="tei" mode="664" created="2023-11-20T16:26:05Z" modified="2024-05-13T10:22:39Z" filename="toh249-v2.tmx" mimetype="application/xml">
        <acl entries="0" version="1"/>
    </resource>
    <resource type="XMLResource" name="toh252-v2.tmx" owner="admin" group="tei" mode="664" created="2023-11-20T16:26:06Z" modified="2024-05-13T10:22:39Z" filename="toh252-v2.tmx" mimetype="application/xml">
        <acl entries="0" version="1"/>
    </resource>
    <resource type="XMLResource" name="toh270-v2.tmx" owner="admin" group="tei" mode="664" created="2023-11-20T16:26:09Z" modified="2024-05-13T10:22:39Z" filename="toh270-v2.tmx" mimetype="application/xml">
        <acl entries="0" version="1"/>
    </resource>
    <resource type="XMLResource" name="toh271-v2.tmx" owner="admin" group="tei" mode="664" created="2023-11-20T16:26:09Z" modified="2024-05-13T10:22:39Z" filename="toh271-v2.tmx" mimetype="application/xml">
        <acl entries="0" version="1"/>
    </resource>
    <resource type="XMLResource" name="toh273-v2.tmx" owner="admin" group="tei" mode="664" created="2023-11-20T16:26:09Z" modified="2024-05-13T10:22:39Z" filename="toh273-v2.tmx" mimetype="application/xml">
        <acl entries="0" version="1"/>
    </resource>
    <resource type="XMLResource" name="toh276-v2.tmx" owner="admin" group="tei" mode="664" created="2023-11-20T16:26:09Z" modified="2024-05-13T10:22:39Z" filename="toh276-v2.tmx" mimetype="application/xml">
        <acl entries="0" version="1"/>
    </resource>
    <resource type="XMLResource" name="toh285-v2.tmx" owner="admin" group="tei" mode="664" created="2023-11-20T16:26:09Z" modified="2024-05-13T10:22:39Z" filename="toh285-v2.tmx" mimetype="application/xml">
        <acl entries="0" version="1"/>
    </resource>
    <resource type="XMLResource" name="toh286-v2.tmx" owner="admin" group="tei" mode="664" created="2023-11-20T16:26:09Z" modified="2024-05-13T10:22:39Z" filename="toh286-v2.tmx" mimetype="application/xml">
        <acl entries="0" version="1"/>
    </resource>
    <resource type="XMLResource" name="toh298-v2.tmx" owner="admin" group="tei" mode="664" created="2023-11-20T16:26:25Z" modified="2024-05-13T10:22:39Z" filename="toh298-v2.tmx" mimetype="application/xml">
        <acl entries="0" version="1"/>
    </resource>
    <resource type="XMLResource" name="toh303-v2.tmx" owner="admin" group="tei" mode="664" created="2023-11-20T16:26:25Z" modified="2024-05-13T10:22:39Z" filename="toh303-v2.tmx" mimetype="application/xml">
        <acl entries="0" version="1"/>
    </resource>
    <resource type="XMLResource" name="toh307-v2.tmx" owner="admin" group="tei" mode="664" created="2023-11-20T16:26:25Z" modified="2024-05-13T10:22:39Z" filename="toh307-v2.tmx" mimetype="application/xml">
        <acl entries="0" version="1"/>
    </resource>
    <resource type="XMLResource" name="toh308-v2.tmx" owner="admin" group="tei" mode="664" created="2023-11-20T16:26:25Z" modified="2024-05-13T10:22:39Z" filename="toh308-v2.tmx" mimetype="application/xml">
        <acl entries="0" version="1"/>
    </resource>
    <resource type="XMLResource" name="toh312-v2.tmx" owner="admin" group="tei" mode="664" created="2023-11-20T16:26:26Z" modified="2024-05-13T10:22:39Z" filename="toh312-v2.tmx" mimetype="application/xml">
        <acl entries="0" version="1"/>
    </resource>
    <resource type="XMLResource" name="toh315-v2.tmx" owner="admin" group="tei" mode="664" created="2023-11-20T16:26:28Z" modified="2024-05-13T10:22:40Z" filename="toh315-v2.tmx" mimetype="application/xml">
        <acl entries="0" version="1"/>
    </resource>
    <resource type="XMLResource" name="toh320-v2.tmx" owner="admin" group="tei" mode="664" created="2023-11-20T16:26:29Z" modified="2024-05-13T10:22:40Z" filename="toh320-v2.tmx" mimetype="application/xml">
        <acl entries="0" version="1"/>
    </resource>
    <resource type="XMLResource" name="toh325-v2.tmx" owner="admin" group="tei" mode="664" created="2023-11-20T16:26:29Z" modified="2024-05-13T10:22:40Z" filename="toh325-v2.tmx" mimetype="application/xml">
        <acl entries="0" version="1"/>
    </resource>
    <resource type="XMLResource" name="toh328-v2.tmx" owner="admin" group="tei" mode="664" created="2023-11-20T16:26:29Z" modified="2024-05-13T10:22:40Z" filename="toh328-v2.tmx" mimetype="application/xml">
        <acl entries="0" version="1"/>
    </resource>
    <resource type="XMLResource" name="toh335-v2.tmx" owner="admin" group="tei" mode="664" created="2023-11-20T16:26:29Z" modified="2024-05-13T10:22:40Z" filename="toh335-v2.tmx" mimetype="application/xml">
        <acl entries="0" version="1"/>
    </resource>
    <resource type="XMLResource" name="toh336-v2.tmx" owner="admin" group="tei" mode="664" created="2023-11-20T16:26:29Z" modified="2024-05-13T10:22:40Z" filename="toh336-v2.tmx" mimetype="application/xml">
        <acl entries="0" version="1"/>
    </resource>
    <resource type="XMLResource" name="toh339-v2.tmx" owner="admin" group="tei" mode="664" created="2023-11-20T16:26:30Z" modified="2024-05-13T10:22:40Z" filename="toh339-v2.tmx" mimetype="application/xml">
        <acl entries="0" version="1"/>
    </resource>
    <resource type="XMLResource" name="toh340-v2.tmx" owner="admin" group="tei" mode="664" created="2023-11-20T16:26:30Z" modified="2024-05-13T10:22:41Z" filename="toh340-v2.tmx" mimetype="application/xml">
        <acl entries="0" version="1"/>
    </resource>
    <resource type="XMLResource" name="toh357-v2.tmx" owner="admin" group="tei" mode="664" created="2023-11-20T16:26:37Z" modified="2024-05-13T10:22:45Z" filename="toh357-v2.tmx" mimetype="application/xml">
        <acl entries="0" version="1"/>
    </resource>
    <resource type="XMLResource" name="toh70-v2.tmx" owner="admin" group="tei" mode="664" created="2023-11-20T16:24:58Z" modified="2024-05-13T10:22:45Z" filename="toh70-v2.tmx" mimetype="application/xml">
        <acl entries="0" version="1"/>
    </resource>
    <resource type="XMLResource" name="toh287-v3.tmx" owner="admin" group="tei" mode="664" created="2023-11-20T16:26:10Z" modified="2024-05-13T11:54:13Z" filename="toh287-v3.tmx" mimetype="application/xml">
        <acl entries="0" version="1"/>
    </resource>
    <resource type="XMLResource" name="toh94-v2.tmx" owner="celso" group="git-push" mode="664" created="2024-05-13T10:18:23Z" modified="2024-05-13T10:22:46Z" filename="toh94-v2.tmx" mimetype="application/xml">
        <acl entries="0" version="1"/>
    </resource>
    <resource type="XMLResource" name="toh55-v3.tmx" owner="admin" group="tei" mode="664" created="2023-11-20T16:24:54Z" modified="2024-05-14T17:34:29Z" filename="toh55-v3.tmx" mimetype="application/xml">
        <acl entries="0" version="1"/>
    </resource>
    <resource type="XMLResource" name="toh126-v3.tmx" owner="celso" group="git-push" mode="664" created="2024-05-14T17:21:51Z" modified="2024-05-14T17:34:30Z" filename="toh126-v3.tmx" mimetype="application/xml">
        <acl entries="0" version="1"/>
    </resource>
    <resource type="XMLResource" name="toh170-v3.tmx" owner="celso" group="git-push" mode="664" created="2024-05-14T17:21:52Z" modified="2024-05-14T17:34:30Z" filename="toh170-v3.tmx" mimetype="application/xml">
        <acl entries="0" version="1"/>
    </resource>
    <resource type="XMLResource" name="toh564-v3.tmx" owner="celso" group="git-push" mode="664" created="2024-05-14T17:21:53Z" modified="2024-05-14T17:34:30Z" filename="toh564-v3.tmx" mimetype="application/xml">
        <acl entries="0" version="1"/>
    </resource>
    <resource type="XMLResource" name="toh565-v3.tmx" owner="celso" group="git-push" mode="664" created="2024-05-14T17:21:53Z" modified="2024-05-14T17:34:30Z" filename="toh565-v3.tmx" mimetype="application/xml">
        <acl entries="0" version="1"/>
    </resource>
    <resource type="XMLResource" name="toh566-v3.tmx" owner="celso" group="git-push" mode="664" created="2024-05-14T17:21:55Z" modified="2024-05-14T17:34:30Z" filename="toh566-v3.tmx" mimetype="application/xml">
        <acl entries="0" version="1"/>
    </resource>
</collection>