<collection xmlns="http://exist.sourceforge.net/NS/exist" name="/db/apps/84000-data/translation-memory" owner="admin" group="translation-memory" mode="775" created="2018-05-02T19:32:28Z" deduplicate-blobs="false" version="2">
    <acl entries="0" version="1"/>
    <resource type="XMLResource" name="toh673a_84000-the-essence-of-aparimitayus.tmx" owner="admin" group="translation-memory" mode="664" created="2022-12-15T11:27:53Z" modified="2023-02-01T13:27:28Z" filename="toh673a_84000-the-essence-of-aparimitayus.tmx" mimetype="application/xml">
        <acl entries="0" version="1"/>
    </resource>
    <resource type="XMLResource" name="toh813_84000-the-aspiration-prayer-from-destroyer-of-the-great-trichiliocosm-.tmx" owner="admin" group="translation-memory" mode="664" created="2022-12-15T11:27:56Z" modified="2023-02-01T13:33:18Z" filename="toh813_84000-the-aspiration-prayer-from-destroyer-of-the-great-trichiliocosm-.tmx" mimetype="application/xml">
        <acl entries="0" version="1"/>
    </resource>
    <resource type="XMLResource" name="toh750_84000-vajra-conqueror.tmx" owner="admin" group="translation-memory" mode="664" created="2022-12-15T11:27:57Z" modified="2023-02-01T13:32:36Z" filename="toh750_84000-vajra-conqueror.tmx" mimetype="application/xml">
        <acl entries="0" version="1"/>
    </resource>
    <resource type="XMLResource" name="toh674_84000-the-aparimitayurjnana-sutra-1-.tmx" owner="admin" group="translation-memory" mode="664" created="2022-12-15T11:27:57Z" modified="2023-02-01T13:28:20Z" filename="toh674_84000-the-aparimitayurjnana-sutra-1-.tmx" mimetype="application/xml">
        <acl entries="0" version="1"/>
    </resource>
    <resource type="XMLResource" name="toh59_84000-the-array-of-virtues-of-manjusri-s-buddha-realm.tmx" owner="admin" group="translation-memory" mode="664" created="2022-12-15T11:27:58Z" modified="2023-02-01T13:49:04Z" filename="toh59_84000-the-array-of-virtues-of-manjusri-s-buddha-realm.tmx" mimetype="application/xml">
        <acl entries="0" version="1"/>
    </resource>
    <resource type="XMLResource" name="toh675_84000-the-aparimitayurjnana-sutra-2-.tmx" owner="admin" group="translation-memory" mode="664" created="2022-12-15T11:27:58Z" modified="2023-02-01T13:29:29Z" filename="toh675_84000-the-aparimitayurjnana-sutra-2-.tmx" mimetype="application/xml">
        <acl entries="0" version="1"/>
    </resource>
    <resource type="XMLResource" name="toh10_84000-the-perfection-of-wisdom-in-eighteen-thousand-lines.tmx" owner="admin" group="translation-memory" mode="664" created="2022-12-15T11:28:04Z" modified="2023-01-24T20:28:31Z" filename="toh10_84000-the-perfection-of-wisdom-in-eighteen-thousand-lines.tmx" mimetype="application/xml">
        <acl entries="0" version="1"/>
    </resource>
    <resource type="XMLResource" name="toh342_84000-the-questions-of-dirghanakha-the-wandering-mendicant.tmx" owner="admin" group="translation-memory" mode="664" created="2022-12-15T11:28:00Z" modified="2023-02-01T13:09:35Z" filename="toh342_84000-the-questions-of-dirghanakha-the-wandering-mendicant.tmx" mimetype="application/xml">
        <acl entries="0" version="1"/>
    </resource>
    <resource type="XMLResource" name="toh118_84000-infinite-jewels.tmx" owner="admin" group="translation-memory" mode="664" created="2022-12-15T11:27:57Z" modified="2023-01-24T20:34:44Z" filename="toh118_84000-infinite-jewels.tmx" mimetype="application/xml">
        <acl entries="0" version="1"/>
    </resource>
    <resource type="XMLResource" name="toh141_84000-the-dharani-of-the-six-gates.tmx" owner="admin" group="translation-memory" mode="664" created="2022-12-15T11:28:00Z" modified="2023-01-26T22:10:11Z" filename="toh141_84000-the-dharani-of-the-six-gates.tmx" mimetype="application/xml">
        <acl entries="0" version="1"/>
    </resource>
    <resource type="XMLResource" name="toh145_84000-the-dharani-of-the-jewel-torch.tmx" owner="admin" group="translation-memory" mode="664" created="2022-12-15T11:28:01Z" modified="2023-01-26T22:14:19Z" filename="toh145_84000-the-dharani-of-the-jewel-torch.tmx" mimetype="application/xml">
        <acl entries="0" version="1"/>
    </resource>
    <resource type="XMLResource" name="toh347_84000-the-account-of-the-noble-deeds-of-punyabala.tmx" owner="admin" group="translation-memory" mode="664" created="2022-12-15T11:28:02Z" modified="2023-02-01T13:16:12Z" filename="toh347_84000-the-account-of-the-noble-deeds-of-punyabala.tmx" mimetype="application/xml">
        <acl entries="0" version="1"/>
    </resource>
    <resource type="XMLResource" name="toh138_84000-the-ratnaketu-dharani.tmx" owner="admin" group="translation-memory" mode="664" created="2022-12-15T11:28:02Z" modified="2023-01-26T22:03:47Z" filename="toh138_84000-the-ratnaketu-dharani.tmx" mimetype="application/xml">
        <acl entries="0" version="1"/>
    </resource>
    <resource type="XMLResource" name="Toh_113-The_White_Lotus_of_the_Good_Dharma-v1.tmx" owner="admin" group="translation-memory" mode="664" created="2020-06-16T17:31:40Z" modified="2022-06-15T19:08:05Z" filename="Toh_113-The_White_Lotus_of_the_Good_Dharma-v1.tmx" mimetype="application/xml">
        <acl entries="0" version="1"/>
    </resource>
    <resource type="XMLResource" name="toh104_84000-expounding-the-qualities-of-the-thus-gone-ones-buddhafields.tmx" owner="admin" group="translation-memory" mode="664" created="2022-12-15T11:27:59Z" modified="2023-01-24T20:27:30Z" filename="toh104_84000-expounding-the-qualities-of-the-thus-gone-ones-buddhafields.tmx" mimetype="application/xml">
        <acl entries="0" version="1"/>
    </resource>
    <resource type="XMLResource" name="toh195_84000-the-avalokini-sutra.tmx" owner="admin" group="translation-memory" mode="664" created="2022-12-15T11:27:53Z" modified="2023-01-27T00:42:02Z" filename="toh195_84000-the-avalokini-sutra.tmx" mimetype="application/xml">
        <acl entries="0" version="1"/>
    </resource>
    <resource type="XMLResource" name="toh124_84000-the-jewel-mine.tmx" owner="admin" group="translation-memory" mode="664" created="2022-12-15T11:27:56Z" modified="2023-01-26T00:49:28Z" filename="toh124_84000-the-jewel-mine.tmx" mimetype="application/xml">
        <acl entries="0" version="1"/>
    </resource>
    <resource type="XMLResource" name="Toh_100-The_Ornament_of_the_Light_of_Awareness-v1.tmx" owner="admin" group="translation-memory" mode="664" created="2020-06-16T17:31:39Z" modified="2023-01-24T08:18:18Z" filename="Toh_100-The_Ornament_of_the_Light_of_Awareness-v1.tmx" mimetype="application/xml">
        <acl entries="0" version="1"/>
    </resource>
    <resource type="XMLResource" name="Toh_725-The_Dharani_The_Mother_of_Avalokitesvara-v.2.tmx" owner="celso" group="git-push" mode="664" created="2022-02-10T22:35:44Z" modified="2022-02-10T22:37:50Z" filename="Toh_725-The_Dharani_The_Mother_of_Avalokitesvara-v.2.tmx" mimetype="application/xml">
        <acl entries="0" version="1"/>
    </resource>
    <resource type="XMLResource" name="toh129_84000-the-absorption-of-the-miraculous-ascertainment-of-peace.tmx" owner="admin" group="translation-memory" mode="664" created="2022-12-15T11:28:01Z" modified="2023-01-26T01:14:01Z" filename="toh129_84000-the-absorption-of-the-miraculous-ascertainment-of-peace.tmx" mimetype="application/xml">
        <acl entries="0" version="1"/>
    </resource>
    <resource type="XMLResource" name="Toh_384-Glorious_King_of_Tantras_That_Resolves_All_Secrets-v1.tmx" owner="admin" group="translation-memory" mode="664" created="2020-06-16T17:31:59Z" modified="2020-06-25T18:15:11Z" filename="Toh_384-Glorious_King_of_Tantras_That_Resolves_All_Secrets-v1.tmx" mimetype="application/xml">
        <acl entries="0" version="1"/>
    </resource>
    <resource type="XMLResource" name="Toh_106-Unravelling_the_Intent-v2.tmx" owner="celso" group="tei" mode="644" created="2021-04-01T18:57:58Z" modified="2023-01-24T08:18:18Z" filename="Toh_106-Unravelling_the_Intent-v2.tmx" mimetype="application/xml">
        <acl entries="0" version="1"/>
    </resource>
    <resource type="XMLResource" name="Toh_131-The_Absorption_of_the_Thus-Gone_Ones_Wisdom_Seal-v1.tmx" owner="celso" group="tei" mode="644" created="2021-06-12T14:50:07Z" modified="2023-01-24T08:18:18Z" filename="Toh_131-The_Absorption_of_the_Thus-Gone_Ones_Wisdom_Seal-v1.tmx" mimetype="application/xml">
        <acl entries="0" version="1"/>
    </resource>
    <resource type="XMLResource" name="Toh_86-The_Question_of_Maitreya_on_the_Eight_Qualities-v1.tmx" owner="admin" group="translation-memory" mode="664" created="2020-06-16T17:31:33Z" modified="2020-06-16T17:32:49Z" filename="Toh_86-The_Question_of_Maitreya_on_the_Eight_Qualities-v1.tmx" mimetype="application/xml">
        <acl entries="0" version="1"/>
    </resource>
    <resource type="XMLResource" name="Toh_151-The_Questions_of_Pratibhanamati-v2.tmx" owner="celso" group="tei" mode="644" created="2021-04-01T18:57:58Z" modified="2021-04-01T19:00:46Z" filename="Toh_151-The_Questions_of_Pratibhanamati-v2.tmx" mimetype="application/xml">
        <acl entries="0" version="1"/>
    </resource>
    <resource type="XMLResource" name="toh738_84000-in-praise-of-the-glorious-goddess-sarasvati.tmx" owner="admin" group="translation-memory" mode="664" created="2022-12-15T11:28:15Z" modified="2023-02-01T13:31:42Z" filename="toh738_84000-in-praise-of-the-glorious-goddess-sarasvati.tmx" mimetype="application/xml">
        <acl entries="0" version="1"/>
    </resource>
    <resource type="XMLResource" name="toh165_84000-the-question-of-ksemankara.tmx" owner="admin" group="translation-memory" mode="664" created="2022-12-15T11:27:54Z" modified="2023-01-26T22:42:20Z" filename="toh165_84000-the-question-of-ksemankara.tmx" mimetype="application/xml">
        <acl entries="0" version="1"/>
    </resource>
    <resource type="XMLResource" name="Toh_197-The_Nectar_of_Speech-v2.tmx" owner="admin" group="translation-memory" mode="664" created="2020-06-16T17:31:51Z" modified="2023-01-24T08:18:18Z" filename="Toh_197-The_Nectar_of_Speech-v2.tmx" mimetype="application/xml">
        <acl entries="0" version="1"/>
    </resource>
    <resource type="XMLResource" name="toh51_84000-the-teaching-of-the-armor-array.tmx" owner="admin" group="translation-memory" mode="664" created="2022-12-15T11:28:15Z" modified="2023-02-01T13:44:04Z" filename="toh51_84000-the-teaching-of-the-armor-array.tmx" mimetype="application/xml">
        <acl entries="0" version="1"/>
    </resource>
    <resource type="XMLResource" name="toh159_84000-the-questions-of-brahmadatta.tmx" owner="admin" group="translation-memory" mode="664" created="2022-12-15T11:28:01Z" modified="2023-01-26T22:27:10Z" filename="toh159_84000-the-questions-of-brahmadatta.tmx" mimetype="application/xml">
        <acl entries="0" version="1"/>
    </resource>
    <resource type="XMLResource" name="Toh_52-The_Indivisible_Nature-v1.tmx" owner="admin" group="translation-memory" mode="664" created="2020-06-16T17:31:31Z" modified="2022-05-16T09:24:49Z" filename="Toh_52-The_Indivisible_Nature-v1.tmx" mimetype="application/xml">
        <acl entries="0" version="1"/>
    </resource>
    <resource type="XMLResource" name="toh162_84000-the-questions-of-srivasu.tmx" owner="admin" group="translation-memory" mode="664" created="2022-12-15T11:28:14Z" modified="2023-01-26T22:39:03Z" filename="toh162_84000-the-questions-of-srivasu.tmx" mimetype="application/xml">
        <acl entries="0" version="1"/>
    </resource>
    <resource type="XMLResource" name="Toh_96-The_Miraculous_Play_of_Manjusri-v2.tmx" owner="admin" group="translation-memory" mode="664" created="2020-06-16T17:31:36Z" modified="2023-01-24T08:18:18Z" filename="Toh_96-The_Miraculous_Play_of_Manjusri-v2.tmx" mimetype="application/xml">
        <acl entries="0" version="1"/>
    </resource>
    <resource type="XMLResource" name="toh160_84000-the-questions-of-brahmavisesacintin.tmx" owner="admin" group="translation-memory" mode="664" created="2022-12-15T11:28:14Z" modified="2023-01-26T22:33:46Z" filename="toh160_84000-the-questions-of-brahmavisesacintin.tmx" mimetype="application/xml">
        <acl entries="0" version="1"/>
    </resource>
    <resource type="XMLResource" name="Toh_150-The_Inquiry_of_Avalokitesvara_on_the_Seven_Qualities-v1.tmx" owner="admin" group="translation-memory" mode="664" created="2020-06-16T17:31:46Z" modified="2020-06-24T15:59:24Z" filename="Toh_150-The_Inquiry_of_Avalokitesvara_on_the_Seven_Qualities-v1.tmx" mimetype="application/xml">
        <acl entries="0" version="1"/>
    </resource>
    <resource type="XMLResource" name="toh153_84000-the-questions-of-the-naga-king-sagara-1-.tmx" owner="admin" group="translation-memory" mode="664" created="2022-12-15T11:27:57Z" modified="2023-01-26T22:23:04Z" filename="toh153_84000-the-questions-of-the-naga-king-sagara-1-.tmx" mimetype="application/xml">
        <acl entries="0" version="1"/>
    </resource>
    <resource type="XMLResource" name="Toh_164-The_Questions_of_Ratnacandra-v2.tmx" owner="admin" group="translation-memory" mode="664" created="2021-02-17T20:08:51Z" modified="2021-02-18T13:55:06Z" filename="Toh_164-The_Questions_of_Ratnacandra-v2.tmx" mimetype="application/xml">
        <acl entries="0" version="1"/>
    </resource>
    <resource type="XMLResource" name="toh1-6_84000-the-chapter-on-medicines.tmx" owner="admin" group="translation-memory" mode="664" created="2022-12-15T11:28:17Z" modified="2023-01-24T02:16:21Z" filename="toh1-6_84000-the-chapter-on-medicines.tmx" mimetype="application/xml">
        <acl entries="0" version="1"/>
    </resource>
    <resource type="XMLResource" name="Toh_116-The_Baskets_Display-v1.tmx" owner="admin" group="translation-memory" mode="664" created="2020-06-16T17:31:42Z" modified="2020-06-24T14:57:55Z" filename="Toh_116-The_Baskets_Display-v1.tmx" mimetype="application/xml">
        <acl entries="0" version="1"/>
    </resource>
    <resource type="XMLResource" name="toh139_84000-the-dharani-of-the-vajra-quintessence.tmx" owner="admin" group="translation-memory" mode="664" created="2022-12-15T11:28:02Z" modified="2023-01-26T22:05:56Z" filename="toh139_84000-the-dharani-of-the-vajra-quintessence.tmx" mimetype="application/xml">
        <acl entries="0" version="1"/>
    </resource>
    <resource type="XMLResource" name="Toh_101-Upholding_the_Roots_of_Virtue-v2.tmx" owner="admin" group="translation-memory" mode="664" created="2020-09-30T21:30:12Z" modified="2023-01-24T08:18:18Z" filename="Toh_101-Upholding_the_Roots_of_Virtue-v2.tmx" mimetype="application/xml">
        <acl entries="0" version="1"/>
    </resource>
    <resource type="XMLResource" name="Toh_340-The_Hundred_Deeds-v2.tmx" owner="admin" group="translation-memory" mode="664" created="2020-08-03T23:55:26Z" modified="2023-01-24T08:18:18Z" filename="Toh_340-The_Hundred_Deeds-v2.tmx" mimetype="application/xml">
        <acl entries="0" version="1"/>
    </resource>
    <resource type="XMLResource" name="toh344_84000-the-sutra-of-jnanaka.tmx" owner="admin" group="translation-memory" mode="664" created="2022-12-15T11:28:19Z" modified="2023-02-01T13:14:00Z" filename="toh344_84000-the-sutra-of-jnanaka.tmx" mimetype="application/xml">
        <acl entries="0" version="1"/>
    </resource>
    <resource type="XMLResource" name="Toh_144-Cultivating_Trust_in_the_Great_Vehicle-v.2.tmx" owner="celso" group="git-push" mode="664" created="2022-02-10T22:35:43Z" modified="2022-02-10T22:37:50Z" filename="Toh_144-Cultivating_Trust_in_the_Great_Vehicle-v.2.tmx" mimetype="application/xml">
        <acl entries="0" version="1"/>
    </resource>
    <resource type="XMLResource" name="Toh_182-The_Perfection_of_Generosity-v2.tmx" owner="admin" group="translation-memory" mode="664" created="2020-06-16T17:31:49Z" modified="2023-01-24T08:18:18Z" filename="Toh_182-The_Perfection_of_Generosity-v2.tmx" mimetype="application/xml">
        <acl entries="0" version="1"/>
    </resource>
    <resource type="XMLResource" name="Toh_122-Wisdom_at_the_Hour_of_Death-v1.tmx" owner="admin" group="translation-memory" mode="664" created="2020-06-16T17:31:42Z" modified="2020-06-16T17:32:49Z" filename="Toh_122-Wisdom_at_the_Hour_of_Death-v1.tmx" mimetype="application/xml">
        <acl entries="0" version="1"/>
    </resource>
    <resource type="XMLResource" name="toh596_84000-the-usnisavijaya-dharani-with-its-ritual-manual-3-.tmx" owner="admin" group="translation-memory" mode="664" created="2022-12-15T11:28:19Z" modified="2023-02-01T13:25:03Z" filename="toh596_84000-the-usnisavijaya-dharani-with-its-ritual-manual-3-.tmx" mimetype="application/xml">
        <acl entries="0" version="1"/>
    </resource>
    <resource type="XMLResource" name="Toh_134-The_Absorption_That_Encapsulates_All_Merit-v2.tmx" owner="admin" group="translation-memory" mode="664" created="2020-06-16T17:31:45Z" modified="2023-01-24T08:18:18Z" filename="Toh_134-The_Absorption_That_Encapsulates_All_Merit-v2.tmx" mimetype="application/xml">
        <acl entries="0" version="1"/>
    </resource>
    <resource type="XMLResource" name="Toh_522-The_Dharani_of_the_Tathagata_Jnanolka-v1.tmx" owner="celso" group="tei" mode="644" created="2021-06-12T14:50:09Z" modified="2023-01-24T08:18:18Z" filename="Toh_522-The_Dharani_of_the_Tathagata_Jnanolka-v1.tmx" mimetype="application/xml">
        <acl entries="0" version="1"/>
    </resource>
    <resource type="XMLResource" name="Toh_147-The_Teaching_on_the_Great_Compassion_of_the_Tathagata-v1.tmx" owner="celso" group="tei" mode="644" created="2021-06-12T14:50:08Z" modified="2023-01-24T08:18:18Z" filename="Toh_147-The_Teaching_on_the_Great_Compassion_of_the_Tathagata-v1.tmx" mimetype="application/xml">
        <acl entries="0" version="1"/>
    </resource>
    <resource type="XMLResource" name="Toh_94-The_Good_Eon-v.2.tmx" owner="celso" group="git-push" mode="664" created="2022-02-10T22:35:39Z" modified="2023-01-24T08:18:18Z" filename="Toh_94-The_Good_Eon-v.2.tmx" mimetype="application/xml">
        <acl entries="0" version="1"/>
    </resource>
    <resource type="XMLResource" name="Toh_357-The_Prophecy_on_Mount_Gosrnga-v.2.tmx" owner="celso" group="git-push" mode="664" created="2022-02-10T22:35:44Z" modified="2023-01-24T08:18:18Z" filename="Toh_357-The_Prophecy_on_Mount_Gosrnga-v.2.tmx" mimetype="application/xml">
        <acl entries="0" version="1"/>
    </resource>
    <resource type="XMLResource" name="Toh_70-The_Sutra_of_the_Question_of_Subahu-v1.tmx" owner="celso" group="tei" mode="644" created="2021-06-12T14:50:07Z" modified="2023-02-08T20:23:05Z" filename="Toh_70-The_Sutra_of_the_Question_of_Subahu-v1.tmx" mimetype="application/xml">
        <acl entries="0" version="1"/>
    </resource>
    <resource type="XMLResource" name="Toh_283-The_Sutra_of_the_Three_Bodies-v1.tmx" owner="admin" group="translation-memory" mode="664" created="2020-06-16T17:31:57Z" modified="2020-06-25T17:39:25Z" filename="Toh_283-The_Sutra_of_the_Three_Bodies-v1.tmx" mimetype="application/xml">
        <acl entries="0" version="1"/>
    </resource>
    <resource type="XMLResource" name="Toh_273-The_Twelve_Buddhas-v2.tmx" owner="admin" group="translation-memory" mode="664" created="2020-09-09T23:04:53Z" modified="2023-01-24T08:18:18Z" filename="Toh_273-The_Twelve_Buddhas-v2.tmx" mimetype="application/xml">
        <acl entries="0" version="1"/>
    </resource>
    <resource type="XMLResource" name="Toh_171-The_Questions_of_an_Old_Lady-v1.tmx" owner="admin" group="translation-memory" mode="664" created="2020-06-16T17:31:47Z" modified="2020-06-24T22:08:47Z" filename="Toh_171-The_Questions_of_an_Old_Lady-v1.tmx" mimetype="application/xml">
        <acl entries="0" version="1"/>
    </resource>
    <resource type="XMLResource" name="Toh_155-The_Question_of_the_Naga_King_Sagara_(3)-v1.tmx" owner="admin" group="translation-memory" mode="664" created="2020-06-16T17:31:47Z" modified="2023-01-06T16:33:40Z" filename="Toh_155-The_Question_of_the_Naga_King_Sagara_(3)-v1.tmx" mimetype="application/xml">
        <acl entries="0" version="1"/>
    </resource>
    <resource type="XMLResource" name="toh594_84000-the-usnisavijaya-dharani-with-its-ritual-manual-1-.tmx" owner="admin" group="translation-memory" mode="664" created="2022-12-15T11:28:20Z" modified="2023-02-01T13:23:38Z" filename="toh594_84000-the-usnisavijaya-dharani-with-its-ritual-manual-1-.tmx" mimetype="application/xml">
        <acl entries="0" version="1"/>
    </resource>
    <resource type="XMLResource" name="Toh_196-The_Dwelling_Place_of_Manjusri-v2.tmx" owner="admin" group="translation-memory" mode="664" created="2021-02-17T20:08:53Z" modified="2023-01-24T08:18:18Z" filename="Toh_196-The_Dwelling_Place_of_Manjusri-v2.tmx" mimetype="application/xml">
        <acl entries="0" version="1"/>
    </resource>
    <resource type="XMLResource" name="Toh_498-Tantra_of_the_Blue-Clad_Vajrapani-v1.tmx" owner="admin" group="translation-memory" mode="664" created="2020-06-16T17:32:01Z" modified="2020-06-26T21:28:28Z" filename="Toh_498-Tantra_of_the_Blue-Clad_Vajrapani-v1.tmx" mimetype="application/xml">
        <acl entries="0" version="1"/>
    </resource>
    <resource type="XMLResource" name="Toh_676-The_Dharani_Essence_of_Immeasurable_Longevity_and_Wisdom-v1.tmx" owner="celso" group="tei" mode="644" created="2021-06-12T14:50:09Z" modified="2023-01-24T08:18:18Z" filename="Toh_676-The_Dharani_Essence_of_Immeasurable_Longevity_and_Wisdom-v1.tmx" mimetype="application/xml">
        <acl entries="0" version="1"/>
    </resource>
    <resource type="XMLResource" name="Toh_282-Threefold_Training-v1.tmx" owner="admin" group="translation-memory" mode="664" created="2020-06-16T17:31:56Z" modified="2020-06-25T17:35:49Z" filename="Toh_282-Threefold_Training-v1.tmx" mimetype="application/xml">
        <acl entries="0" version="1"/>
    </resource>
    <resource type="XMLResource" name="Toh_312-Entering_the_City_of_Vaisali-v2.tmx" owner="admin" group="translation-memory" mode="664" created="2020-06-16T17:31:59Z" modified="2023-01-24T08:18:18Z" filename="Toh_312-Entering_the_City_of_Vaisali-v2.tmx" mimetype="application/xml">
        <acl entries="0" version="1"/>
    </resource>
    <resource type="XMLResource" name="toh199_84000-the-sutra-on-maitreya-s-birth-in-the-heaven-of-joy.tmx" owner="admin" group="translation-memory" mode="664" created="2022-12-15T11:27:57Z" modified="2023-01-27T00:47:23Z" filename="toh199_84000-the-sutra-on-maitreya-s-birth-in-the-heaven-of-joy.tmx" mimetype="application/xml">
        <acl entries="0" version="1"/>
    </resource>
    <resource type="XMLResource" name="Toh_114-The_King_of_the_Array_of_All_Dharmas-v1.tmx" owner="admin" group="translation-memory" mode="664" created="2020-06-16T17:31:41Z" modified="2020-06-24T14:41:54Z" filename="Toh_114-The_King_of_the_Array_of_All_Dharmas-v1.tmx" mimetype="application/xml">
        <acl entries="0" version="1"/>
    </resource>
    <resource type="XMLResource" name="toh198_84000-maitreya-s-setting-out.tmx" owner="admin" group="translation-memory" mode="664" created="2022-12-15T11:28:02Z" modified="2023-01-27T00:46:01Z" filename="toh198_84000-maitreya-s-setting-out.tmx" mimetype="application/xml">
        <acl entries="0" version="1"/>
    </resource>
    <resource type="XMLResource" name="Toh_249-The_Sutra_Teaching_the_Four_Factors-v2.tmx" owner="admin" group="translation-memory" mode="664" created="2020-06-16T17:31:55Z" modified="2020-06-16T17:33:07Z" filename="Toh_249-The_Sutra_Teaching_the_Four_Factors-v2.tmx" mimetype="application/xml">
        <acl entries="0" version="1"/>
    </resource>
    <resource type="XMLResource" name="toh190_84000-the-prophecy-concerning-strivivarta.tmx" owner="admin" group="translation-memory" mode="664" created="2022-12-15T11:28:06Z" modified="2023-01-27T00:33:35Z" filename="toh190_84000-the-prophecy-concerning-strivivarta.tmx" mimetype="application/xml">
        <acl entries="0" version="1"/>
    </resource>
    <resource type="XMLResource" name="Toh_85-The_Question_of_Maitreya-v1.tmx" owner="admin" group="translation-memory" mode="664" created="2020-06-16T17:31:32Z" modified="2020-06-16T17:32:52Z" filename="Toh_85-The_Question_of_Maitreya-v1.tmx" mimetype="application/xml">
        <acl entries="0" version="1"/>
    </resource>
    <resource type="XMLResource" name="toh173_84000-questions-on-selflessness.tmx" owner="admin" group="translation-memory" mode="664" created="2022-12-15T11:28:01Z" modified="2023-01-26T23:44:28Z" filename="toh173_84000-questions-on-selflessness.tmx" mimetype="application/xml">
        <acl entries="0" version="1"/>
    </resource>
    <resource type="XMLResource" name="Toh_11-The_Transcendent_Perfection_of_Wisdom_in_Ten_Thousand_Lines-v1.tmx" owner="admin" group="translation-memory" mode="664" created="2020-06-16T17:31:30Z" modified="2022-05-16T09:20:15Z" filename="Toh_11-The_Transcendent_Perfection_of_Wisdom_in_Ten_Thousand_Lines-v1.tmx" mimetype="application/xml">
        <acl entries="0" version="1"/>
    </resource>
    <resource type="XMLResource" name="Toh_731-Tara_Who_Protects_from_Eight_Dangers-v2.tmx" owner="admin" group="translation-memory" mode="664" created="2020-06-16T17:32:03Z" modified="2023-01-24T08:18:18Z" filename="Toh_731-Tara_Who_Protects_from_Eight_Dangers-v2.tmx" mimetype="application/xml">
        <acl entries="0" version="1"/>
    </resource>
    <resource type="XMLResource" name="toh201_84000-the-seal-of-engagement-in-awakening-the-power-of-faith.tmx" owner="admin" group="translation-memory" mode="664" created="2022-12-15T11:28:03Z" modified="2023-01-27T00:51:32Z" filename="toh201_84000-the-seal-of-engagement-in-awakening-the-power-of-faith.tmx" mimetype="application/xml">
        <acl entries="0" version="1"/>
    </resource>
    <resource type="XMLResource" name="Toh_78-The_Questions_of_Gunaratnasankusumita-v2.tmx" owner="admin" group="translation-memory" mode="664" created="2021-02-17T20:08:48Z" modified="2023-01-24T08:18:18Z" filename="Toh_78-The_Questions_of_Gunaratnasankusumita-v2.tmx" mimetype="application/xml">
        <acl entries="0" version="1"/>
    </resource>
    <resource type="XMLResource" name="toh175_84000-the-teaching-of-aksayamati.tmx" owner="admin" group="translation-memory" mode="664" created="2022-12-15T11:28:07Z" modified="2023-01-26T23:49:58Z" filename="toh175_84000-the-teaching-of-aksayamati.tmx" mimetype="application/xml">
        <acl entries="0" version="1"/>
    </resource>
    <resource type="XMLResource" name="Toh_54-The_Exposition_on_the_Universal_Gateway-v2.tmx" owner="celso" group="tei" mode="644" created="2021-04-01T18:57:56Z" modified="2023-01-24T08:18:18Z" filename="Toh_54-The_Exposition_on_the_Universal_Gateway-v2.tmx" mimetype="application/xml">
        <acl entries="0" version="1"/>
    </resource>
    <resource type="XMLResource" name="toh185_84000-introduction-to-the-domain-of-the-inconceivable-qualities-and-wisdom-of-the-tathagatas.tmx" owner="admin" group="translation-memory" mode="664" created="2022-12-15T11:28:15Z" modified="2023-01-27T00:31:26Z" filename="toh185_84000-introduction-to-the-domain-of-the-inconceivable-qualities-and-wisdom-of-the-tathagatas.tmx" mimetype="application/xml">
        <acl entries="0" version="1"/>
    </resource>
    <resource type="XMLResource" name="Toh_130-The_Illusory_Absorption-v1.tmx" owner="admin" group="translation-memory" mode="664" created="2020-06-16T17:31:45Z" modified="2020-07-24T15:47:56Z" filename="Toh_130-The_Illusory_Absorption-v1.tmx" mimetype="application/xml">
        <acl entries="0" version="1"/>
    </resource>
    <resource type="XMLResource" name="toh192_84000-the-prophecy-of-ksemavati.tmx" owner="admin" group="translation-memory" mode="664" created="2022-12-15T11:28:19Z" modified="2023-01-27T00:36:13Z" filename="toh192_84000-the-prophecy-of-ksemavati.tmx" mimetype="application/xml">
        <acl entries="0" version="1"/>
    </resource>
    <resource type="XMLResource" name="Toh_210-The_Rice_Seedling-v1.tmx" owner="admin" group="translation-memory" mode="664" created="2020-06-16T17:31:51Z" modified="2020-06-16T17:32:57Z" filename="Toh_210-The_Rice_Seedling-v1.tmx" mimetype="application/xml">
        <acl entries="0" version="1"/>
    </resource>
    <resource type="XMLResource" name="Toh_270-The_Seven_Buddhas-v2.tmx" owner="admin" group="translation-memory" mode="664" created="2020-09-09T23:04:53Z" modified="2023-01-24T08:18:18Z" filename="Toh_270-The_Seven_Buddhas-v2.tmx" mimetype="application/xml">
        <acl entries="0" version="1"/>
    </resource>
    <resource type="XMLResource" name="Toh_736-The_Dharani_of_Parnasavari-v2.tmx" owner="admin" group="translation-memory" mode="664" created="2020-06-16T17:32:04Z" modified="2020-06-16T17:33:03Z" filename="Toh_736-The_Dharani_of_Parnasavari-v2.tmx" mimetype="application/xml">
        <acl entries="0" version="1"/>
    </resource>
    <resource type="XMLResource" name="Toh_186-The_Teaching_on_the_Extraordinary_Transformation-v2.tmx" owner="admin" group="translation-memory" mode="664" created="2020-06-16T17:31:50Z" modified="2023-01-24T08:18:18Z" filename="Toh_186-The_Teaching_on_the_Extraordinary_Transformation-v2.tmx" mimetype="application/xml">
        <acl entries="0" version="1"/>
    </resource>
    <resource type="XMLResource" name="Toh_247-Distinguishing_Phenomena_and_What_Is_Meaningful-v1.tmx" owner="admin" group="translation-memory" mode="664" created="2020-06-16T17:31:55Z" modified="2020-06-25T17:05:24Z" filename="Toh_247-Distinguishing_Phenomena_and_What_Is_Meaningful-v1.tmx" mimetype="application/xml">
        <acl entries="0" version="1"/>
    </resource>
    <resource type="XMLResource" name="Toh_252-The_Fourfold_Accomplishment-v2.tmx" owner="celso" group="tei" mode="644" created="2021-04-01T18:57:58Z" modified="2023-01-24T08:18:18Z" filename="Toh_252-The_Fourfold_Accomplishment-v2.tmx" mimetype="application/xml">
        <acl entries="0" version="1"/>
    </resource>
    <resource type="XMLResource" name="Toh_225-Taking_Refuge_in_the_Three_Jewels-v2.tmx" owner="admin" group="translation-memory" mode="664" created="2021-02-17T20:08:53Z" modified="2023-01-24T08:18:18Z" filename="Toh_225-Taking_Refuge_in_the_Three_Jewels-v2.tmx" mimetype="application/xml">
        <acl entries="0" version="1"/>
    </resource>
    <resource type="XMLResource" name="toh226_84000-the-sutra-on-transmigration-through-existences.tmx" owner="admin" group="translation-memory" mode="664" created="2022-12-15T11:27:58Z" modified="2023-02-08T19:24:42Z" filename="toh226_84000-the-sutra-on-transmigration-through-existences.tmx" mimetype="application/xml">
        <acl entries="0" version="1"/>
    </resource>
    <resource type="XMLResource" name="Toh_431-The_Tantra_of_Candamaharosana-v1.tmx" owner="admin" group="translation-memory" mode="664" created="2020-06-16T17:32:00Z" modified="2020-06-25T19:59:04Z" filename="Toh_431-The_Tantra_of_Candamaharosana-v1.tmx" mimetype="application/xml">
        <acl entries="0" version="1"/>
    </resource>
    <resource type="XMLResource" name="toh203_84000-the-seal-of-dharma.tmx" owner="admin" group="translation-memory" mode="664" created="2022-12-15T11:27:57Z" modified="2023-02-01T08:59:38Z" filename="toh203_84000-the-seal-of-dharma.tmx" mimetype="application/xml">
        <acl entries="0" version="1"/>
    </resource>
    <resource type="XMLResource" name="toh217_84000-the-srigupta-sutra.tmx" owner="admin" group="translation-memory" mode="664" created="2022-12-15T11:27:58Z" modified="2023-02-01T09:05:06Z" filename="toh217_84000-the-srigupta-sutra.tmx" mimetype="application/xml">
        <acl entries="0" version="1"/>
    </resource>
    <resource type="XMLResource" name="Toh_308-Questions_Regarding_Death_and_Transmigration-v2.tmx" owner="admin" group="translation-memory" mode="664" created="2020-06-16T17:31:58Z" modified="2023-01-24T08:18:18Z" filename="Toh_308-Questions_Regarding_Death_and_Transmigration-v2.tmx" mimetype="application/xml">
        <acl entries="0" version="1"/>
    </resource>
    <resource type="XMLResource" name="Toh_558-Destroyer_of_the_Great_Trichiliocosm-v1.tmx" owner="admin" group="translation-memory" mode="664" created="2020-06-16T17:32:02Z" modified="2020-06-28T20:22:08Z" filename="Toh_558-Destroyer_of_the_Great_Trichiliocosm-v1.tmx" mimetype="application/xml">
        <acl entries="0" version="1"/>
    </resource>
    <resource type="XMLResource" name="toh246_84000-victory-of-the-ultimate-dharma.tmx" owner="admin" group="translation-memory" mode="664" created="2022-12-15T11:27:59Z" modified="2023-02-01T09:07:01Z" filename="toh246_84000-victory-of-the-ultimate-dharma.tmx" mimetype="application/xml">
        <acl entries="0" version="1"/>
    </resource>
    <resource type="XMLResource" name="Toh_846-Threefold_Invocation_Ritual-v2.tmx" owner="admin" group="translation-memory" mode="664" created="2020-07-31T18:18:21Z" modified="2023-01-24T08:18:18Z" filename="Toh_846-Threefold_Invocation_Ritual-v2.tmx" mimetype="application/xml">
        <acl entries="0" version="1"/>
    </resource>
    <resource type="XMLResource" name="Toh_260-The_Akasagarbha_Sutra-v1.tmx" owner="admin" group="translation-memory" mode="664" created="2020-06-16T17:31:56Z" modified="2020-06-25T17:10:04Z" filename="Toh_260-The_Akasagarbha_Sutra-v1.tmx" mimetype="application/xml">
        <acl entries="0" version="1"/>
    </resource>
    <resource type="XMLResource" name="Toh_335-The_Sutra_on_the_Ringing_Staff-v2.tmx" owner="admin" group="translation-memory" mode="664" created="2021-02-17T20:08:53Z" modified="2023-01-24T08:18:18Z" filename="Toh_335-The_Sutra_on_the_Ringing_Staff-v2.tmx" mimetype="application/xml">
        <acl entries="0" version="1"/>
    </resource>
    <resource type="XMLResource" name="toh278_84000-the-eight-auspicious-ones.tmx" owner="admin" group="translation-memory" mode="664" created="2022-12-15T11:28:14Z" modified="2023-02-01T09:17:12Z" filename="toh278_84000-the-eight-auspicious-ones.tmx" mimetype="application/xml">
        <acl entries="0" version="1"/>
    </resource>
    <resource type="XMLResource" name="Toh_437-The_Practice_Manual_of_Noble_Tara_Kurukulla-v1.tmx" owner="admin" group="translation-memory" mode="664" created="2020-06-16T17:32:01Z" modified="2020-06-26T21:22:11Z" filename="Toh_437-The_Practice_Manual_of_Noble_Tara_Kurukulla-v1.tmx" mimetype="application/xml">
        <acl entries="0" version="1"/>
    </resource>
    <resource type="XMLResource" name="toh72_84000-the-questions-of-the-householder-viradatta.tmx" owner="admin" group="translation-memory" mode="664" created="2022-12-15T11:27:53Z" modified="2023-02-01T14:00:45Z" filename="toh72_84000-the-questions-of-the-householder-viradatta.tmx" mimetype="application/xml">
        <acl entries="0" version="1"/>
    </resource>
    <resource type="XMLResource" name="Toh_729-Dharani_of_Tara-v2.tmx" owner="celso" group="tei" mode="644" created="2021-05-01T02:25:35Z" modified="2021-05-01T02:29:22Z" filename="Toh_729-Dharani_of_Tara-v2.tmx" mimetype="application/xml">
        <acl entries="0" version="1"/>
    </resource>
    <resource type="XMLResource" name="toh208_84000-the-great-rumble.tmx" owner="admin" group="translation-memory" mode="664" created="2022-12-15T11:28:19Z" modified="2023-02-01T09:03:52Z" filename="toh208_84000-the-great-rumble.tmx" mimetype="application/xml">
        <acl entries="0" version="1"/>
    </resource>
    <resource type="XMLResource" name="Toh_336-The_Rite_for_the_Protocols_Associated_with_Carrying_the_Ringing_Staff-v2.tmx" owner="admin" group="translation-memory" mode="664" created="2021-02-17T20:08:53Z" modified="2023-01-24T08:18:18Z" filename="Toh_336-The_Rite_for_the_Protocols_Associated_with_Carrying_the_Ringing_Staff-v2.tmx" mimetype="application/xml">
        <acl entries="0" version="1"/>
    </resource>
    <resource type="XMLResource" name="toh206_84000-pure-sustenance-of-food.tmx" owner="admin" group="translation-memory" mode="664" created="2022-12-15T11:28:19Z" modified="2023-02-01T09:01:26Z" filename="toh206_84000-pure-sustenance-of-food.tmx" mimetype="application/xml">
        <acl entries="0" version="1"/>
    </resource>
    <resource type="XMLResource" name="Toh_514-Discourse_of_Dharani_of_Buddhas_Essence-v2.tmx" owner="celso" group="tei" mode="644" created="2021-05-01T02:25:35Z" modified="2023-01-24T08:18:18Z" filename="Toh_514-Discourse_of_Dharani_of_Buddhas_Essence-v2.tmx" mimetype="application/xml">
        <acl entries="0" version="1"/>
    </resource>
    <resource type="XMLResource" name="toh257_84000-the-quintessence-of-the-sun.tmx" owner="admin" group="translation-memory" mode="664" created="2022-12-15T11:28:19Z" modified="2023-02-08T19:42:27Z" filename="toh257_84000-the-quintessence-of-the-sun.tmx" mimetype="application/xml">
        <acl entries="0" version="1"/>
    </resource>
    <resource type="XMLResource" name="Toh_337-Wheel_of_Dharma-v1.tmx" owner="admin" group="translation-memory" mode="664" created="2020-06-16T17:31:59Z" modified="2020-06-25T18:11:04Z" filename="Toh_337-Wheel_of_Dharma-v1.tmx" mimetype="application/xml">
        <acl entries="0" version="1"/>
    </resource>
    <resource type="XMLResource" name="toh202_84000-evaluating-whether-progress-is-certain-or-uncertain.tmx" owner="admin" group="translation-memory" mode="664" created="2022-12-15T11:28:19Z" modified="2023-01-27T19:07:41Z" filename="toh202_84000-evaluating-whether-progress-is-certain-or-uncertain.tmx" mimetype="application/xml">
        <acl entries="0" version="1"/>
    </resource>
    <resource type="XMLResource" name="Toh_207-Strength_of_the_Elephant-v2.tmx" owner="admin" group="translation-memory" mode="664" created="2020-09-09T23:04:52Z" modified="2020-09-09T23:06:44Z" filename="Toh_207-Strength_of_the_Elephant-v2.tmx" mimetype="application/xml">
        <acl entries="0" version="1"/>
    </resource>
    <resource type="XMLResource" name="toh268_84000-the-sutra-of-king-of-the-inconceivable.tmx" owner="admin" group="translation-memory" mode="664" created="2022-12-15T11:28:20Z" modified="2023-02-01T09:15:16Z" filename="toh268_84000-the-sutra-of-king-of-the-inconceivable.tmx" mimetype="application/xml">
        <acl entries="0" version="1"/>
    </resource>
    <resource type="XMLResource" name="Toh_193-The_Prophecy_of_Sri_Mahadevi-v1.tmx" owner="admin" group="translation-memory" mode="664" created="2020-06-16T17:31:50Z" modified="2020-06-25T01:23:50Z" filename="Toh_193-The_Prophecy_of_Sri_Mahadevi-v1.tmx" mimetype="application/xml">
        <acl entries="0" version="1"/>
    </resource>
    <resource type="XMLResource" name="Toh_174-The_Inquiry_of_Lokadhara-v2.tmx" owner="admin" group="translation-memory" mode="664" created="2021-02-17T20:08:52Z" modified="2023-01-24T08:18:18Z" filename="Toh_174-The_Inquiry_of_Lokadhara-v2.tmx" mimetype="application/xml">
        <acl entries="0" version="1"/>
    </resource>
    <resource type="XMLResource" name="Toh_438-Tara_with_Twenty-One_Verses_of_Homage-v2.tmx" owner="admin" group="translation-memory" mode="664" created="2020-07-31T18:18:20Z" modified="2023-01-24T08:18:18Z" filename="Toh_438-Tara_with_Twenty-One_Verses_of_Homage-v2.tmx" mimetype="application/xml">
        <acl entries="0" version="1"/>
    </resource>
    <resource type="XMLResource" name="Toh_244-Proper_Dharma_Conduct-v2.tmx" owner="admin" group="translation-memory" mode="664" created="2020-06-16T17:31:54Z" modified="2023-01-24T08:18:19Z" filename="Toh_244-Proper_Dharma_Conduct-v2.tmx" mimetype="application/xml">
        <acl entries="0" version="1"/>
    </resource>
    <resource type="XMLResource" name="Toh_679-Dharani_Praising_the_Qualities_of_the_Immeasurable_One-v2.tmx" owner="admin" group="translation-memory" mode="664" created="2020-07-31T18:18:20Z" modified="2023-01-24T08:18:18Z" filename="Toh_679-Dharani_Praising_the_Qualities_of_the_Immeasurable_One-v2.tmx" mimetype="application/xml">
        <acl entries="0" version="1"/>
    </resource>
    <resource type="XMLResource" name="Toh_157-The_Questions_of_the_Kimnara_King_Druma-v2.tmx" owner="admin" group="translation-memory" mode="664" created="2020-07-31T18:15:38Z" modified="2023-01-24T08:18:18Z" filename="Toh_157-The_Questions_of_the_Kimnara_King_Druma-v2.tmx" mimetype="application/xml">
        <acl entries="0" version="1"/>
    </resource>
    <resource type="XMLResource" name="Toh_99-The_Blessed_Ones_Wisdom_That_Leads_to_Infinite_Certainty-v2.tmx" owner="celso" group="tei" mode="664" created="2021-12-15T01:39:18Z" modified="2023-01-24T08:18:18Z" filename="Toh_99-The_Blessed_Ones_Wisdom_That_Leads_to_Infinite_Certainty-v2.tmx" mimetype="application/xml">
        <acl entries="0" version="1"/>
    </resource>
    <resource type="XMLResource" name="Toh_515-Dharani_of_Buddha's_Essence-v2.tmx" owner="celso" group="tei" mode="644" created="2021-05-01T02:25:35Z" modified="2021-05-01T02:29:22Z" filename="Toh_515-Dharani_of_Buddha's_Essence-v2.tmx" mimetype="application/xml">
        <acl entries="0" version="1"/>
    </resource>
    <resource type="XMLResource" name="toh266_84000-bouquet-of-flowers.tmx" owner="admin" group="translation-memory" mode="664" created="2022-12-15T11:28:14Z" modified="2023-01-27T18:40:56Z" filename="toh266_84000-bouquet-of-flowers.tmx" mimetype="application/xml">
        <acl entries="0" version="1"/>
    </resource>
    <resource type="XMLResource" name="Toh_730-Dharani_Taras_Own_Promise-v2.tmx" owner="celso" group="tei" mode="644" created="2021-05-01T02:25:35Z" modified="2023-01-24T08:18:18Z" filename="Toh_730-Dharani_Taras_Own_Promise-v2.tmx" mimetype="application/xml">
        <acl entries="0" version="1"/>
    </resource>
    <resource type="XMLResource" name="Toh_142-The_Dharani_Entering_into_Non-conceptuality-v2.tmx" owner="admin" group="translation-memory" mode="664" created="2020-06-29T19:57:31Z" modified="2023-01-24T08:18:18Z" filename="Toh_142-The_Dharani_Entering_into_Non-conceptuality-v2.tmx" mimetype="application/xml">
        <acl entries="0" version="1"/>
    </resource>
    <resource type="XMLResource" name="Toh_339-Exposition_of_Karma-v.2.tmx" owner="celso" group="git-push" mode="664" created="2022-02-10T22:35:44Z" modified="2023-01-24T08:18:18Z" filename="Toh_339-Exposition_of_Karma-v.2.tmx" mimetype="application/xml">
        <acl entries="0" version="1"/>
    </resource>
    <resource type="XMLResource" name="Toh_286-The_Dedication_Protecting_All_Beings-v2.tmx" owner="admin" group="translation-memory" mode="664" created="2020-07-31T18:15:39Z" modified="2020-07-31T18:16:17Z" filename="Toh_286-The_Dedication_Protecting_All_Beings-v2.tmx" mimetype="application/xml">
        <acl entries="0" version="1"/>
    </resource>
    <resource type="XMLResource" name="Toh_298-The_Gandi_Sutra-v2.tmx" owner="admin" group="translation-memory" mode="664" created="2020-07-31T18:15:39Z" modified="2020-07-31T18:16:17Z" filename="Toh_298-The_Gandi_Sutra-v2.tmx" mimetype="application/xml">
        <acl entries="0" version="1"/>
    </resource>
    <resource type="XMLResource" name="Toh_231-The_Jewel_Cloud-v1.tmx" owner="admin" group="translation-memory" mode="664" created="2020-06-16T17:31:54Z" modified="2020-06-25T16:40:26Z" filename="Toh_231-The_Jewel_Cloud-v1.tmx" mimetype="application/xml">
        <acl entries="0" version="1"/>
    </resource>
    <resource type="XMLResource" name="Toh_97-The_Chapter_on_Manjusris_Magical_Display-v1.tmx" owner="celso" group="tei" mode="644" created="2021-06-12T14:50:07Z" modified="2023-01-24T08:18:18Z" filename="Toh_97-The_Chapter_on_Manjusris_Magical_Display-v1.tmx" mimetype="application/xml">
        <acl entries="0" version="1"/>
    </resource>
    <resource type="XMLResource" name="Toh_95-The_Play_in_Full-v1.tmx" owner="admin" group="translation-memory" mode="664" created="2020-06-16T17:31:36Z" modified="2020-07-24T15:42:14Z" filename="Toh_95-The_Play_in_Full-v1.tmx" mimetype="application/xml">
        <acl entries="0" version="1"/>
    </resource>
    <resource type="XMLResource" name="Toh_315-The_Father_and_Mother_Sutra-v.2.tmx" owner="celso" group="git-push" mode="664" created="2022-02-10T22:35:44Z" modified="2022-02-10T22:37:44Z" filename="Toh_315-The_Father_and_Mother_Sutra-v.2.tmx" mimetype="application/xml">
        <acl entries="0" version="1"/>
    </resource>
    <resource type="XMLResource" name="Toh_194-The_Sutra_of_Jayamati-v1.tmx" owner="admin" group="translation-memory" mode="664" created="2020-06-16T17:31:50Z" modified="2020-06-25T16:18:01Z" filename="Toh_194-The_Sutra_of_Jayamati-v1.tmx" mimetype="application/xml">
        <acl entries="0" version="1"/>
    </resource>
    <resource type="XMLResource" name="Toh_543-The_Root_Manual_of_the_Rites_of_Manjusri-v2.tmx" owner="admin" group="translation-memory" mode="664" created="2021-02-17T20:08:58Z" modified="2023-01-24T08:18:19Z" filename="Toh_543-The_Root_Manual_of_the_Rites_of_Manjusri-v2.tmx" mimetype="application/xml">
        <acl entries="0" version="1"/>
    </resource>
    <resource type="XMLResource" name="Toh_325-The_Verses_of_Naga_King_Drum-v2.tmx" owner="admin" group="translation-memory" mode="664" created="2020-09-23T20:15:37Z" modified="2023-01-24T08:18:19Z" filename="Toh_325-The_Verses_of_Naga_King_Drum-v2.tmx" mimetype="application/xml">
        <acl entries="0" version="1"/>
    </resource>
    <resource type="XMLResource" name="Toh_115-The_Display_of_the_Pure_Land_of_Sukhavati-v1.tmx" owner="admin" group="translation-memory" mode="664" created="2020-06-16T17:31:41Z" modified="2020-06-16T17:32:52Z" filename="Toh_115-The_Display_of_the_Pure_Land_of_Sukhavati-v1.tmx" mimetype="application/xml">
        <acl entries="0" version="1"/>
    </resource>
    <resource type="XMLResource" name="Modular_Passages-TM-Test.tmx" owner="admin" group="translation-memory" mode="664" created="2020-08-10T18:26:34Z" modified="2022-05-16T09:19:28Z" filename="Modular_Passages-TM-Test.tmx" mimetype="application/xml">
        <acl entries="0" version="1"/>
    </resource>
    <resource type="XMLResource" name="Toh_127-The_King_of_Samadhis_Sutra-v1.tmx" owner="admin" group="translation-memory" mode="664" created="2020-06-16T17:31:44Z" modified="2020-06-24T15:50:31Z" filename="Toh_127-The_King_of_Samadhis_Sutra-v1.tmx" mimetype="application/xml">
        <acl entries="0" version="1"/>
    </resource>
    <resource type="XMLResource" name="Toh_178-Teaching_on_the_Aids_to_Enlightenment-v2.tmx" owner="admin" group="translation-memory" mode="664" created="2020-06-16T17:31:48Z" modified="2023-01-24T08:18:19Z" filename="Toh_178-Teaching_on_the_Aids_to_Enlightenment-v2.tmx" mimetype="application/xml">
        <acl entries="0" version="1"/>
    </resource>
    <resource type="XMLResource" name="Toh_1-1-The_Chapter_on_Going_Forth-v1.tmx" owner="admin" group="translation-memory" mode="664" created="2020-09-04T13:47:36Z" modified="2022-05-16T09:19:29Z" filename="Toh_1-1-The_Chapter_on_Going_Forth-v1.tmx" mimetype="application/xml">
        <acl entries="0" version="1"/>
    </resource>
    <resource type="XMLResource" name="Toh_846a-Threefold_Ritual-v2.tmx" owner="admin" group="translation-memory" mode="664" created="2020-07-31T18:18:21Z" modified="2020-07-31T18:19:02Z" filename="Toh_846a-Threefold_Ritual-v2.tmx" mimetype="application/xml">
        <acl entries="0" version="1"/>
    </resource>
    <resource type="XMLResource" name="Toh_212-The_Sutra_on_Dependent_Arising-v1.tmx" owner="admin" group="translation-memory" mode="664" created="2020-06-16T17:31:52Z" modified="2020-06-16T17:32:51Z" filename="Toh_212-The_Sutra_on_Dependent_Arising-v1.tmx" mimetype="application/xml">
        <acl entries="0" version="1"/>
    </resource>
    <resource type="XMLResource" name="Toh_544-Siddhaikavira-v1.tmx" owner="admin" group="translation-memory" mode="664" created="2020-06-16T17:32:02Z" modified="2020-06-27T01:20:25Z" filename="Toh_544-Siddhaikavira-v1.tmx" mimetype="application/xml">
        <acl entries="0" version="1"/>
    </resource>
    <resource type="XMLResource" name="Toh_211-Teaching_the_Fundamental_Exposition_of_Dependent_Arising-v2.tmx" owner="admin" group="translation-memory" mode="664" created="2020-06-16T17:31:51Z" modified="2020-06-16T17:33:04Z" filename="Toh_211-Teaching_the_Fundamental_Exposition_of_Dependent_Arising-v2.tmx" mimetype="application/xml">
        <acl entries="0" version="1"/>
    </resource>
    <resource type="XMLResource" name="Toh_176-Vimalakirtinirdesa-v1.tmx" owner="admin" group="translation-memory" mode="664" created="2020-06-16T17:31:48Z" modified="2020-06-24T22:29:49Z" filename="Toh_176-Vimalakirtinirdesa-v1.tmx" mimetype="application/xml">
        <acl entries="0" version="1"/>
    </resource>
    <resource type="XMLResource" name="Toh_504-Account_of_the_Previous_Aspirations_of_Bhaisajyaguruvaiduryaprabha-v2.tmx" owner="celso" group="tei" mode="644" created="2021-04-01T18:57:58Z" modified="2023-01-24T08:18:19Z" filename="Toh_504-Account_of_the_Previous_Aspirations_of_Bhaisajyaguruvaiduryaprabha-v2.tmx" mimetype="application/xml">
        <acl entries="0" version="1"/>
    </resource>
    <resource type="XMLResource" name="Toh_563-Upholding_the_Great_Secret_Mantra-v1.tmx" owner="admin" group="translation-memory" mode="664" created="2020-06-16T17:32:03Z" modified="2020-06-28T20:30:08Z" filename="Toh_563-Upholding_the_Great_Secret_Mantra-v1.tmx" mimetype="application/xml">
        <acl entries="0" version="1"/>
    </resource>
    <resource type="XMLResource" name="Toh_154-The_Questions_of_the_Naga_King_Sagara_(2)-v2.tmx" owner="admin" group="translation-memory" mode="664" created="2021-02-17T20:08:50Z" modified="2023-01-24T08:18:19Z" filename="Toh_154-The_Questions_of_the_Naga_King_Sagara_(2)-v2.tmx" mimetype="application/xml">
        <acl entries="0" version="1"/>
    </resource>
    <resource type="XMLResource" name="Toh_300-The_Sutra_on_Reliance_upon_a_Virtuous_Spiritual_Friend-v1.tmx" owner="admin" group="translation-memory" mode="664" created="2020-06-16T17:31:57Z" modified="2020-06-25T17:44:17Z" filename="Toh_300-The_Sutra_on_Reliance_upon_a_Virtuous_Spiritual_Friend-v1.tmx" mimetype="application/xml">
        <acl entries="0" version="1"/>
    </resource>
    <resource type="XMLResource" name="Toh_152-The_Questions_of_Sagaramati-v2.tmx" owner="admin" group="translation-memory" mode="664" created="2021-02-17T20:08:50Z" modified="2023-01-24T08:18:19Z" filename="Toh_152-The_Questions_of_Sagaramati-v2.tmx" mimetype="application/xml">
        <acl entries="0" version="1"/>
    </resource>
    <resource type="XMLResource" name="Toh_184-Teaching_the_Practice_of_a_Bodhisattva-v2.tmx" owner="admin" group="translation-memory" mode="664" created="2021-02-17T20:08:53Z" modified="2023-01-24T08:18:19Z" filename="Toh_184-Teaching_the_Practice_of_a_Bodhisattva-v2.tmx" mimetype="application/xml">
        <acl entries="0" version="1"/>
    </resource>
    <resource type="XMLResource" name="Toh_309-The_Sutra_on_Impermanence-v1.tmx" owner="admin" group="translation-memory" mode="664" created="2020-06-16T17:31:58Z" modified="2020-06-25T18:06:23Z" filename="Toh_309-The_Sutra_on_Impermanence-v1.tmx" mimetype="application/xml">
        <acl entries="0" version="1"/>
    </resource>
    <resource type="XMLResource" name="Toh_267-Calling_Witness_with_a_Hundred_Prostrations-v1.tmx" owner="admin" group="translation-memory" mode="664" created="2020-06-16T17:31:56Z" modified="2020-06-25T17:32:46Z" filename="Toh_267-Calling_Witness_with_a_Hundred_Prostrations-v1.tmx" mimetype="application/xml">
        <acl entries="0" version="1"/>
    </resource>
    <resource type="XMLResource" name="Toh_103-The_Teaching_by_the_Child_Inconceivable_Radiance-v2.tmx" owner="celso" group="tei" mode="644" created="2021-04-01T18:57:57Z" modified="2023-01-24T08:18:19Z" filename="Toh_103-The_Teaching_by_the_Child_Inconceivable_Radiance-v2.tmx" mimetype="application/xml">
        <acl entries="0" version="1"/>
    </resource>
    <resource type="XMLResource" name="Toh_271-The_Eight_Buddhas-v2.tmx" owner="admin" group="translation-memory" mode="664" created="2020-09-09T23:04:53Z" modified="2020-09-09T23:06:45Z" filename="Toh_271-The_Eight_Buddhas-v2.tmx" mimetype="application/xml">
        <acl entries="0" version="1"/>
    </resource>
    <resource type="XMLResource" name="Toh_83-The_Questions_of_Bhadrapala_the_Merchant-v1.tmx" owner="admin" group="translation-memory" mode="664" created="2020-06-16T17:31:32Z" modified="2020-06-16T17:32:57Z" filename="Toh_83-The_Questions_of_Bhadrapala_the_Merchant-v1.tmx" mimetype="application/xml">
        <acl entries="0" version="1"/>
    </resource>
    <resource type="XMLResource" name="Toh_425-The_Mahamaya_Tantra-v1.tmx" owner="admin" group="translation-memory" mode="664" created="2020-06-16T17:32:00Z" modified="2020-06-25T18:20:41Z" filename="Toh_425-The_Mahamaya_Tantra-v1.tmx" mimetype="application/xml">
        <acl entries="0" version="1"/>
    </resource>
    <resource type="XMLResource" name="toh58_84000-the-teaching-to-venerable-nanda-on-entry-into-the-womb.tmx" owner="admin" group="translation-memory" mode="664" created="2022-12-15T11:27:56Z" modified="2023-02-01T13:47:30Z" filename="toh58_84000-the-teaching-to-venerable-nanda-on-entry-into-the-womb.tmx" mimetype="application/xml">
        <acl entries="0" version="1"/>
    </resource>
    <resource type="XMLResource" name="Toh_179-Teaching_The_Relative_and_Ultimate_Truths-v1.tmx" owner="admin" group="translation-memory" mode="664" created="2020-06-16T17:31:49Z" modified="2020-10-15T17:15:30Z" filename="Toh_179-Teaching_The_Relative_and_Ultimate_Truths-v1.tmx" mimetype="application/xml">
        <acl entries="0" version="1"/>
    </resource>
    <resource type="XMLResource" name="Toh_285-The_Dedication_Fulfilling_All_Aspirations-v2.tmx" owner="admin" group="translation-memory" mode="664" created="2020-06-16T17:31:57Z" modified="2023-01-24T08:18:19Z" filename="Toh_285-The_Dedication_Fulfilling_All_Aspirations-v2.tmx" mimetype="application/xml">
        <acl entries="0" version="1"/>
    </resource>
    <resource type="XMLResource" name="Toh_218-Purification_of_Karmic_Obscurations-v1.tmx" owner="admin" group="translation-memory" mode="664" created="2020-06-16T17:31:52Z" modified="2020-06-25T16:28:16Z" filename="Toh_218-Purification_of_Karmic_Obscurations-v1.tmx" mimetype="application/xml">
        <acl entries="0" version="1"/>
    </resource>
    <resource type="XMLResource" name="toh61_84000-the-questions-of-purna.tmx" owner="admin" group="translation-memory" mode="664" created="2022-12-15T11:27:59Z" modified="2023-02-01T09:17:54Z" filename="toh61_84000-the-questions-of-purna.tmx" mimetype="application/xml">
        <acl entries="0" version="1"/>
    </resource>
    <resource type="XMLResource" name="toh44-31_84000-the-ten-bhumis.tmx" owner="admin" group="translation-memory" mode="664" created="2022-12-15T11:27:59Z" modified="2023-02-01T14:08:19Z" filename="toh44-31_84000-the-ten-bhumis.tmx" mimetype="application/xml">
        <acl entries="0" version="1"/>
    </resource>
    <resource type="XMLResource" name="toh71_84000-surata-s-questions.tmx" owner="admin" group="translation-memory" mode="664" created="2022-12-15T11:28:00Z" modified="2023-02-01T13:59:54Z" filename="toh71_84000-surata-s-questions.tmx" mimetype="application/xml">
        <acl entries="0" version="1"/>
    </resource>
    <resource type="XMLResource" name="toh747_84000-the-bhutadamara-tantra.tmx" owner="admin" group="translation-memory" mode="664" created="2022-12-15T11:28:00Z" modified="2023-02-01T13:37:37Z" filename="toh747_84000-the-bhutadamara-tantra.tmx" mimetype="application/xml">
        <acl entries="0" version="1"/>
    </resource>
    <resource type="XMLResource" name="toh68_84000-ascertaining-the-vinaya-upali-s-questions.tmx" owner="admin" group="translation-memory" mode="664" created="2022-12-15T11:28:01Z" modified="2023-02-01T13:57:55Z" filename="toh68_84000-ascertaining-the-vinaya-upali-s-questions.tmx" mimetype="application/xml">
        <acl entries="0" version="1"/>
    </resource>
    <resource type="XMLResource" name="toh313_84000-auspicious-night.tmx" owner="admin" group="translation-memory" mode="664" created="2022-12-15T11:28:02Z" modified="2023-02-01T12:37:18Z" filename="toh313_84000-auspicious-night.tmx" mimetype="application/xml">
        <acl entries="0" version="1"/>
    </resource>
    <resource type="XMLResource" name="toh81_84000-simha-s-questions.tmx" owner="admin" group="translation-memory" mode="664" created="2022-12-15T11:28:03Z" modified="2023-02-01T14:01:36Z" filename="toh81_84000-simha-s-questions.tmx" mimetype="application/xml">
        <acl entries="0" version="1"/>
    </resource>
    <resource type="XMLResource" name="toh361_84000-summary-of-empowerment.tmx" owner="admin" group="translation-memory" mode="664" created="2022-12-15T11:28:14Z" modified="2023-02-01T13:17:50Z" filename="toh361_84000-summary-of-empowerment.tmx" mimetype="application/xml">
        <acl entries="0" version="1"/>
    </resource>
    <resource type="XMLResource" name="toh595_84000-the-usnisavijaya-dharani-with-its-ritual-manual-2-.tmx" owner="admin" group="translation-memory" mode="664" created="2022-12-15T11:28:19Z" modified="2023-02-01T13:24:29Z" filename="toh595_84000-the-usnisavijaya-dharani-with-its-ritual-manual-2-.tmx" mimetype="application/xml">
        <acl entries="0" version="1"/>
    </resource>
    <resource type="XMLResource" name="toh55_84000-the-teaching-on-the-effulgence-of-light.tmx" owner="admin" group="translation-memory" mode="664" created="2022-12-15T11:28:20Z" modified="2023-02-01T14:13:48Z" filename="toh55_84000-the-teaching-on-the-effulgence-of-light.tmx" mimetype="application/xml">
        <acl entries="0" version="1"/>
    </resource>
    <resource type="XMLResource" name="toh728_84000-the-hundred-and-eight-names-of-the-goddess-tara.tmx" owner="admin" group="translation-memory" mode="664" created="2022-12-15T11:28:20Z" modified="2023-02-01T13:30:55Z" filename="toh728_84000-the-hundred-and-eight-names-of-the-goddess-tara.tmx" mimetype="application/xml">
        <acl entries="0" version="1"/>
    </resource>
    <resource type="XMLResource" name="toh44-45_84000-the-stem-array.tmx" owner="admin" group="translation-memory" mode="664" created="2022-12-15T11:27:54Z" modified="2023-02-08T20:02:26Z" filename="toh44-45_84000-the-stem-array.tmx" mimetype="application/xml">
        <acl entries="0" version="1"/>
    </resource>
    <resource type="XMLResource" name="toh349_84000-the-account-of-the-noble-deeds-of-srisena.tmx" owner="admin" group="translation-memory" mode="664" created="2022-12-15T11:27:57Z" modified="2023-02-01T16:50:09Z" filename="toh349_84000-the-account-of-the-noble-deeds-of-srisena.tmx" mimetype="application/xml">
        <acl entries="0" version="1"/>
    </resource>
    <resource type="XMLResource" name="toh46_84000-the-chapter-teaching-the-purification-of-boundless-gateways.tmx" owner="admin" group="translation-memory" mode="664" created="2022-12-15T11:28:00Z" modified="2023-02-01T16:50:09Z" filename="toh46_84000-the-chapter-teaching-the-purification-of-boundless-gateways.tmx" mimetype="application/xml">
        <acl entries="0" version="1"/>
    </resource>
    <resource type="XMLResource" name="toh386_84000-equal-to-the-sky.tmx" owner="admin" group="translation-memory" mode="664" created="2022-12-15T11:28:02Z" modified="2023-02-01T16:50:09Z" filename="toh386_84000-equal-to-the-sky.tmx" mimetype="application/xml">
        <acl entries="0" version="1"/>
    </resource>
    <resource type="XMLResource" name="toh513_84000-the-dharani-endowed-with-the-attributes-of-all-the-buddhas.tmx" owner="admin" group="translation-memory" mode="664" created="2022-12-15T11:28:02Z" modified="2023-02-01T16:50:09Z" filename="toh513_84000-the-dharani-endowed-with-the-attributes-of-all-the-buddhas.tmx" mimetype="application/xml">
        <acl entries="0" version="1"/>
    </resource>
    <resource type="XMLResource" name="toh726_84000-the-tantra-on-the-origin-of-all-rites-of-tara-mother-of-all-the-tathagatas.tmx" owner="admin" group="translation-memory" mode="664" created="2022-12-15T11:28:20Z" modified="2023-02-01T16:50:09Z" filename="toh726_84000-the-tantra-on-the-origin-of-all-rites-of-tara-mother-of-all-the-tathagatas.tmx" mimetype="application/xml">
        <acl entries="0" version="1"/>
    </resource>
    <resource type="XMLResource" name="toh598_84000-a-ritual-manual-for-the-usnisavijaya-dharani.tmx" owner="admin" group="translation-memory" mode="664" created="2022-12-15T11:28:20Z" modified="2023-02-01T16:50:09Z" filename="toh598_84000-a-ritual-manual-for-the-usnisavijaya-dharani.tmx" mimetype="application/xml">
        <acl entries="0" version="1"/>
    </resource>
    <resource type="XMLResource" name="Toh_245-The_Sections_of_Dharma-v2.tmx" owner="admin" group="translation-memory" mode="664" created="2020-06-16T17:31:54Z" modified="2023-02-01T16:50:09Z" filename="Toh_245-The_Sections_of_Dharma-v2.tmx" mimetype="application/xml">
        <acl entries="0" version="1"/>
    </resource>
    <resource type="XMLResource" name="Toh_163-Questions_of_Ratnajalin-v2.tmx" owner="celso" group="tei" mode="644" created="2021-04-29T14:11:11Z" modified="2023-02-01T16:50:09Z" filename="Toh_163-Questions_of_Ratnajalin-v2.tmx" mimetype="application/xml">
        <acl entries="0" version="1"/>
    </resource>
    <resource type="XMLResource" name="toh62_84000-the-questions-of-rastrapala-1-.tmx" owner="admin" group="translation-memory" mode="664" created="2022-12-15T11:27:53Z" modified="2023-02-01T16:50:10Z" filename="toh62_84000-the-questions-of-rastrapala-1-.tmx" mimetype="application/xml">
        <acl entries="0" version="1"/>
    </resource>
    <resource type="XMLResource" name="toh503_84000-the-detailed-account-of-the-previous-aspirations-of-the-seven-thus-gone-ones.tmx" owner="admin" group="translation-memory" mode="664" created="2022-12-15T11:27:56Z" modified="2023-02-01T16:50:10Z" filename="toh503_84000-the-detailed-account-of-the-previous-aspirations-of-the-seven-thus-gone-ones.tmx" mimetype="application/xml">
        <acl entries="0" version="1"/>
    </resource>
    <resource type="XMLResource" name="toh345_84000-the-magnificent-account-about-a-sow.tmx" owner="admin" group="translation-memory" mode="664" created="2022-12-15T11:27:56Z" modified="2023-02-01T16:50:10Z" filename="toh345_84000-the-magnificent-account-about-a-sow.tmx" mimetype="application/xml">
        <acl entries="0" version="1"/>
    </resource>
    <resource type="XMLResource" name="toh314_84000-entry-into-the-gloomy-forest.tmx" owner="admin" group="translation-memory" mode="664" created="2022-12-15T11:27:56Z" modified="2023-02-01T16:50:10Z" filename="toh314_84000-entry-into-the-gloomy-forest.tmx" mimetype="application/xml">
        <acl entries="0" version="1"/>
    </resource>
    <resource type="XMLResource" name="toh381_84000-emergence-from-samputa.tmx" owner="admin" group="translation-memory" mode="664" created="2022-12-15T11:27:58Z" modified="2023-02-08T19:53:50Z" filename="toh381_84000-emergence-from-samputa.tmx" mimetype="application/xml">
        <acl entries="0" version="1"/>
    </resource>
    <resource type="XMLResource" name="toh317_84000-distinctly-ascertaining-the-meanings.tmx" owner="admin" group="translation-memory" mode="664" created="2022-12-15T11:28:01Z" modified="2023-02-08T19:45:36Z" filename="toh317_84000-distinctly-ascertaining-the-meanings.tmx" mimetype="application/xml">
        <acl entries="0" version="1"/>
    </resource>
    <resource type="XMLResource" name="toh333_84000-the-sutra-of-vasistha.tmx" owner="admin" group="translation-memory" mode="664" created="2022-12-15T11:28:19Z" modified="2023-02-01T16:50:11Z" filename="toh333_84000-the-sutra-of-vasistha.tmx" mimetype="application/xml">
        <acl entries="0" version="1"/>
    </resource>
    <resource type="XMLResource" name="toh597_84000-the-usnisavijaya-dharani.tmx" owner="admin" group="translation-memory" mode="664" created="2022-12-15T11:28:19Z" modified="2023-02-01T16:50:11Z" filename="toh597_84000-the-usnisavijaya-dharani.tmx" mimetype="application/xml">
        <acl entries="0" version="1"/>
    </resource>
    <resource type="BinaryResource" name="README.md" owner="admin" group="dba" mode="644" created="2019-12-04T09:14:59Z" modified="2022-03-19T22:04:54Z" filename="README.md" mimetype="text/markdown" blob-id="645b844099cb22cb4d215610ecb4cf61c6af5068126eba9e548f03a3c5811828">
        <acl entries="0" version="1"/>
    </resource>
    <resource type="XMLResource" name="Toh_180-Teaching_How_All_Phenomena_Are_without_Origin-v2.tmx" owner="celso" group="git-push" mode="664" created="2022-06-15T19:05:33Z" modified="2023-09-11T17:39:06Z" filename="Toh_180-Teaching_How_All_Phenomena_Are_without_Origin-v2.tmx" mimetype="application/xml">
        <acl entries="0" version="1"/>
    </resource>
    <resource type="XMLResource" name="Toh_328-The_Sutra_of_Nandas_Going_Forth-v2.tmx" owner="celso" group="git-push" mode="664" created="2022-06-15T19:05:34Z" modified="2023-09-11T17:39:06Z" filename="Toh_328-The_Sutra_of_Nandas_Going_Forth-v2.tmx" mimetype="application/xml">
        <acl entries="0" version="1"/>
    </resource>
    <resource type="XMLResource" name="toh287_84000-the-application-of-mindfulness-of-the-sacred-dharma.tmx" owner="admin" group="translation-memory" mode="664" created="2022-12-15T11:28:08Z" modified="2023-09-11T17:39:06Z" filename="toh287_84000-the-application-of-mindfulness-of-the-sacred-dharma.tmx" mimetype="application/xml">
        <acl entries="0" version="1"/>
    </resource>
    <resource type="XMLResource" name="Toh_21-The_Heart_Sutra-v2.tmx" owner="celso" group="git-push" mode="664" created="2023-09-11T15:35:35Z" modified="2023-09-11T17:39:12Z" filename="Toh_21-The_Heart_Sutra-v2.tmx" mimetype="application/xml">
        <acl entries="0" version="1"/>
    </resource>
    <resource type="XMLResource" name="Toh_44-37-The_Chapter_on_the_Scale_of_Life-v2.tmx" owner="celso" group="git-push" mode="664" created="2023-09-11T15:39:12Z" modified="2023-09-11T17:39:13Z" filename="Toh_44-37-The_Chapter_on_the_Scale_of_Life-v2.tmx" mimetype="application/xml">
        <acl entries="0" version="1"/>
    </resource>
    <resource type="XMLResource" name="Toh_69-Inspiring_Determination-v2.tmx" owner="celso" group="git-push" mode="664" created="2023-09-11T15:39:13Z" modified="2023-09-11T17:39:13Z" filename="Toh_69-Inspiring_Determination-v2.tmx" mimetype="application/xml">
        <acl entries="0" version="1"/>
    </resource>
    <resource type="XMLResource" name="Toh_84-The_Questions_of_the_Girl_Vimalasraddha-v2.tmx" owner="celso" group="git-push" mode="664" created="2023-09-11T15:39:13Z" modified="2023-09-11T17:39:13Z" filename="Toh_84-The_Questions_of_the_Girl_Vimalasraddha-v2.tmx" mimetype="application/xml">
        <acl entries="0" version="1"/>
    </resource>
    <resource type="XMLResource" name="Toh_125-The_Gold_Sutra-v2.tmx" owner="celso" group="git-push" mode="664" created="2023-09-11T15:39:13Z" modified="2023-09-11T17:39:13Z" filename="Toh_125-The_Gold_Sutra-v2.tmx" mimetype="application/xml">
        <acl entries="0" version="1"/>
    </resource>
    <resource type="XMLResource" name="Toh_149-The_Question_of_Maitreya_3-v2.tmx" owner="celso" group="git-push" mode="664" created="2023-09-11T15:39:13Z" modified="2023-09-11T17:39:13Z" filename="Toh_149-The_Question_of_Maitreya_3-v2.tmx" mimetype="application/xml">
        <acl entries="0" version="1"/>
    </resource>
    <resource type="XMLResource" name="Toh_172-The_Question_of_Manjusri-v2.tmx" owner="celso" group="git-push" mode="664" created="2023-09-11T15:39:13Z" modified="2023-09-11T17:39:13Z" filename="Toh_172-The_Question_of_Manjusri-v2.tmx" mimetype="application/xml">
        <acl entries="0" version="1"/>
    </resource>
    <resource type="XMLResource" name="Toh_177-Manjusris_Teaching-v2.tmx" owner="celso" group="git-push" mode="664" created="2023-09-11T15:39:13Z" modified="2023-09-11T17:39:13Z" filename="Toh_177-Manjusris_Teaching-v2.tmx" mimetype="application/xml">
        <acl entries="0" version="1"/>
    </resource>
    <resource type="XMLResource" name="Toh_183-Teaching_the_Benefits_of_Generosity-v2.tmx" owner="celso" group="git-push" mode="664" created="2023-09-11T15:39:13Z" modified="2023-09-11T17:39:13Z" filename="Toh_183-Teaching_the_Benefits_of_Generosity-v2.tmx" mimetype="application/xml">
        <acl entries="0" version="1"/>
    </resource>
    <resource type="XMLResource" name="Toh_185-Domain_of_the_Inconceivable_Qualities-v2.tmx" owner="celso" group="git-push" mode="664" created="2023-09-11T15:39:13Z" modified="2023-09-11T17:39:13Z" filename="Toh_185-Domain_of_the_Inconceivable_Qualities-v2.tmx" mimetype="application/xml">
        <acl entries="0" version="1"/>
    </resource>
    <resource type="XMLResource" name="Toh_276-Not_Forsaking_the_Buddha-v2.tmx" owner="celso" group="git-push" mode="664" created="2023-09-11T15:39:14Z" modified="2023-09-11T17:39:13Z" filename="Toh_276-Not_Forsaking_the_Buddha-v2.tmx" mimetype="application/xml">
        <acl entries="0" version="1"/>
    </resource>
    <resource type="XMLResource" name="Toh_303-The_Sutra_on_Having_Moral_Discipline-v2.tmx" owner="celso" group="git-push" mode="664" created="2023-09-11T15:39:14Z" modified="2023-09-11T17:39:13Z" filename="Toh_303-The_Sutra_on_Having_Moral_Discipline-v2.tmx" mimetype="application/xml">
        <acl entries="0" version="1"/>
    </resource>
    <resource type="XMLResource" name="Toh_307-The_Limits_of_Life-v2.tmx" owner="celso" group="git-push" mode="664" created="2023-09-11T15:39:14Z" modified="2023-09-11T17:39:13Z" filename="Toh_307-The_Limits_of_Life-v2.tmx" mimetype="application/xml">
        <acl entries="0" version="1"/>
    </resource>
    <resource type="XMLResource" name="Toh_320-Describing_the_Benefits_Producing_Representations_of_Thus-Gone_One-v2.tmx" owner="celso" group="git-push" mode="664" created="2023-09-11T15:39:14Z" modified="2023-09-11T17:39:13Z" filename="Toh_320-Describing_the_Benefits_Producing_Representations_of_Thus-Gone_One-v2.tmx" mimetype="application/xml">
        <acl entries="0" version="1"/>
    </resource>
</collection>