<collection xmlns="http://exist.sourceforge.net/NS/exist" name="/db/apps/84000-data/translation-memory" owner="admin" group="translation-memory" mode="775" created="2018-05-02T19:32:28Z" deduplicate-blobs="false" version="2">
    <acl entries="0" version="1"/>
    <resource type="XMLResource" name="Toh_309-The_Sutra_on_Impermanence-v1.tmx" owner="celso" group="translation-memory" mode="664" created="2019-11-08T19:10:34Z" modified="2019-11-28T13:12:05Z" filename="Toh_309-The_Sutra_on_Impermanence-v1.tmx" mimetype="application/xml">
        <acl entries="0" version="1"/>
    </resource>
    <resource type="XMLResource" name="Toh_282-Threefold_Training-v1.tmx" owner="celso" group="translation-memory" mode="664" created="2019-11-08T19:10:34Z" modified="2019-11-28T13:12:07Z" filename="Toh_282-Threefold_Training-v1.tmx" mimetype="application/xml">
        <acl entries="0" version="1"/>
    </resource>
    <resource type="XMLResource" name="Toh_113-The_White_Lotus_of_the_Good_Dharma-v1.tmx" owner="celso" group="translation-memory" mode="664" created="2019-11-08T19:10:18Z" modified="2019-11-28T13:12:06Z" filename="Toh_113-The_White_Lotus_of_the_Good_Dharma-v1.tmx" mimetype="application/xml">
        <acl entries="0" version="1"/>
    </resource>
    <resource type="XMLResource" name="Toh_337-Wheel_of_Dharma-v1.tmx" owner="celso" group="translation-memory" mode="664" created="2019-11-08T19:10:34Z" modified="2019-11-28T13:12:06Z" filename="Toh_337-Wheel_of_Dharma-v1.tmx" mimetype="application/xml">
        <acl entries="0" version="1"/>
    </resource>
    <resource type="XMLResource" name="Toh_85-The_Question_of_Maitreya-v1.tmx" owner="celso" group="translation-memory" mode="664" created="2019-11-08T19:10:11Z" modified="2019-11-28T13:12:06Z" filename="Toh_85-The_Question_of_Maitreya-v1.tmx" mimetype="application/xml">
        <acl entries="0" version="1"/>
    </resource>
    <resource type="XMLResource" name="Toh_83-The_Questions_of_Bhadrapala_the_Merchant-v1.tmx" owner="celso" group="translation-memory" mode="664" created="2019-11-08T19:10:11Z" modified="2019-11-28T13:12:06Z" filename="Toh_83-The_Questions_of_Bhadrapala_the_Merchant-v1.tmx" mimetype="application/xml">
        <acl entries="0" version="1"/>
    </resource>
    <resource type="XMLResource" name="Toh_384-Glorious_King_of_Tantras_That_Resolves_All_Secrets-v1.tmx" owner="celso" group="translation-memory" mode="664" created="2019-11-08T19:10:34Z" modified="2019-11-28T13:12:06Z" filename="Toh_384-Glorious_King_of_Tantras_That_Resolves_All_Secrets-v1.tmx" mimetype="application/xml">
        <acl entries="0" version="1"/>
    </resource>
    <resource type="XMLResource" name="Toh_267-Calling_Witness_with_a_Hundred_Prostrations-v1.tmx" owner="celso" group="translation-memory" mode="664" created="2019-11-08T19:10:34Z" modified="2019-11-28T13:12:06Z" filename="Toh_267-Calling_Witness_with_a_Hundred_Prostrations-v1.tmx" mimetype="application/xml">
        <acl entries="0" version="1"/>
    </resource>
    <resource type="XMLResource" name="Toh_100-The_Ornament_of_the_Light_of_Awareness-v1.tmx" owner="celso" group="translation-memory" mode="664" created="2019-11-08T19:10:16Z" modified="2019-11-28T13:12:06Z" filename="Toh_100-The_Ornament_of_the_Light_of_Awareness-v1.tmx" mimetype="application/xml">
        <acl entries="0" version="1"/>
    </resource>
    <resource type="XMLResource" name="Toh_300-The_Sutra_on_Reliance_upon_a_Virtuous_Spiritual_Friend-v1.tmx" owner="celso" group="translation-memory" mode="664" created="2019-11-08T19:10:34Z" modified="2019-11-28T13:12:06Z" filename="Toh_300-The_Sutra_on_Reliance_upon_a_Virtuous_Spiritual_Friend-v1.tmx" mimetype="application/xml">
        <acl entries="0" version="1"/>
    </resource>
    <resource type="XMLResource" name="Toh_425-The_Mahamaya_Tantra-v1.tmx" owner="celso" group="translation-memory" mode="664" created="2019-11-08T19:10:35Z" modified="2019-11-28T13:12:05Z" filename="Toh_425-The_Mahamaya_Tantra-v1.tmx" mimetype="application/xml">
        <acl entries="0" version="1"/>
    </resource>
    <resource type="XMLResource" name="Toh_150-The_Inquiry_of_Avalokitesvara_on_the_Seven_Qualities-v1.tmx" owner="celso" group="translation-memory" mode="664" created="2019-11-08T19:10:28Z" modified="2019-11-28T13:12:06Z" filename="Toh_150-The_Inquiry_of_Avalokitesvara_on_the_Seven_Qualities-v1.tmx" mimetype="application/xml">
        <acl entries="0" version="1"/>
    </resource>
    <resource type="BinaryResource" name="README.md" owner="admin" group="dba" mode="644" created="2019-12-04T09:14:59Z" modified="2019-12-04T09:16:22Z" filename="README.md" mimetype="text/markdown" blob-id="645b844099cb22cb4d215610ecb4cf61c6af5068126eba9e548f03a3c5811828">
        <acl entries="0" version="1"/>
    </resource>
    <resource type="XMLResource" name="Toh_431-The_Tantra_of_Candamaharosana-v1.tmx" owner="celso" group="translation-memory" mode="664" created="2019-11-08T19:10:35Z" modified="2019-11-28T13:12:05Z" filename="Toh_431-The_Tantra_of_Candamaharosana-v1.tmx" mimetype="application/xml">
        <acl entries="0" version="1"/>
    </resource>
    <resource type="XMLResource" name="Toh_231-The_Jewel_Cloud-v1.tmx" owner="celso" group="translation-memory" mode="664" created="2019-11-08T19:10:31Z" modified="2019-11-28T13:12:06Z" filename="Toh_231-The_Jewel_Cloud-v1.tmx" mimetype="application/xml">
        <acl entries="0" version="1"/>
    </resource>
    <resource type="XMLResource" name="Toh_210-The_Rice_Seedling-v1.tmx" owner="celso" group="translation-memory" mode="664" created="2019-11-08T19:10:30Z" modified="2019-11-28T13:12:06Z" filename="Toh_210-The_Rice_Seedling-v1.tmx" mimetype="application/xml">
        <acl entries="0" version="1"/>
    </resource>
    <resource type="XMLResource" name="Toh_437-The_Practice_Manual_of_Noble_Tara_Kurukulla-v1.tmx" owner="celso" group="translation-memory" mode="664" created="2019-11-08T19:10:37Z" modified="2019-11-28T13:12:06Z" filename="Toh_437-The_Practice_Manual_of_Noble_Tara_Kurukulla-v1.tmx" mimetype="application/xml">
        <acl entries="0" version="1"/>
    </resource>
    <resource type="XMLResource" name="Toh_212-The_Sutra_on_Dependent_Arising-v1.tmx" owner="celso" group="translation-memory" mode="664" created="2019-11-08T19:10:30Z" modified="2019-11-28T13:12:06Z" filename="Toh_212-The_Sutra_on_Dependent_Arising-v1.tmx" mimetype="application/xml">
        <acl entries="0" version="1"/>
    </resource>
    <resource type="XMLResource" name="Toh_193-The_Prophecy_of_Sri_Mahadevi-v1.tmx" owner="celso" group="translation-memory" mode="664" created="2019-11-08T19:10:30Z" modified="2019-11-28T13:12:06Z" filename="Toh_193-The_Prophecy_of_Sri_Mahadevi-v1.tmx" mimetype="application/xml">
        <acl entries="0" version="1"/>
    </resource>
    <resource type="XMLResource" name="Toh_260-The_Akasagarbha_Sutra-v1.tmx" owner="celso" group="translation-memory" mode="664" created="2019-11-08T19:10:33Z" modified="2019-11-28T13:12:07Z" filename="Toh_260-The_Akasagarbha_Sutra-v1.tmx" mimetype="application/xml">
        <acl entries="0" version="1"/>
    </resource>
    <resource type="XMLResource" name="Toh_176-Vimalakirtinirdesa-v1.tmx" owner="celso" group="translation-memory" mode="664" created="2019-11-08T19:10:28Z" modified="2019-11-28T13:12:06Z" filename="Toh_176-Vimalakirtinirdesa-v1.tmx" mimetype="application/xml">
        <acl entries="0" version="1"/>
    </resource>
    <resource type="XMLResource" name="Toh_179-Teaching_The_Relative_and_Ultimate_Truths-v1.tmx" owner="celso" group="translation-memory" mode="664" created="2019-11-08T19:10:30Z" modified="2019-11-28T13:10:08Z" filename="Toh_179-Teaching_The_Relative_and_Ultimate_Truths-v1.tmx" mimetype="application/xml">
        <acl entries="0" version="1"/>
    </resource>
    <resource type="XMLResource" name="Toh_52-The_Indivisible_Nature-v1.tmx" owner="celso" group="translation-memory" mode="664" created="2019-11-08T19:10:10Z" modified="2019-11-28T13:12:07Z" filename="Toh_52-The_Indivisible_Nature-v1.tmx" mimetype="application/xml">
        <acl entries="0" version="1"/>
    </resource>
    <resource type="XMLResource" name="Toh_544-Siddhaikavira-v1.tmx" owner="celso" group="translation-memory" mode="664" created="2019-11-08T19:10:37Z" modified="2019-11-28T13:12:07Z" filename="Toh_544-Siddhaikavira-v1.tmx" mimetype="application/xml">
        <acl entries="0" version="1"/>
    </resource>
    <resource type="XMLResource" name="Toh_86-The_Question_of_Maitreya_on_the_Eight_Qualities-v1.tmx" owner="celso" group="translation-memory" mode="664" created="2019-11-08T19:10:12Z" modified="2019-11-28T13:12:06Z" filename="Toh_86-The_Question_of_Maitreya_on_the_Eight_Qualities-v1.tmx" mimetype="application/xml">
        <acl entries="0" version="1"/>
    </resource>
    <resource type="XMLResource" name="Toh_134-The_Absorption_That_Encapsulates_All_Merit-v2.tmx" owner="celso" group="translation-memory" mode="664" created="2019-12-02T17:55:03Z" modified="2019-12-09T16:44:19Z" filename="Toh_134-The_Absorption_That_Encapsulates_All_Merit-v2.tmx" mimetype="application/xml">
        <acl entries="0" version="1"/>
    </resource>
    <resource type="XMLResource" name="Toh_247-Distinguishing_Phenomena_and_What_Is_Meaningful-v1.tmx" owner="celso" group="translation-memory" mode="664" created="2019-11-08T19:10:33Z" modified="2019-11-28T13:12:06Z" filename="Toh_247-Distinguishing_Phenomena_and_What_Is_Meaningful-v1.tmx" mimetype="application/xml">
        <acl entries="0" version="1"/>
    </resource>
    <resource type="XMLResource" name="Toh_186-The_Teaching_on_the_Extraordinary_Transformation-v2.tmx" owner="celso" group="translation-memory" mode="664" created="2019-12-02T17:55:03Z" modified="2019-12-09T16:44:23Z" filename="Toh_186-The_Teaching_on_the_Extraordinary_Transformation-v2.tmx" mimetype="application/xml">
        <acl entries="0" version="1"/>
    </resource>
    <resource type="XMLResource" name="Toh_116-The_Baskets_Display-v1.tmx" owner="celso" group="translation-memory" mode="664" created="2019-11-08T19:10:22Z" modified="2019-11-28T13:12:06Z" filename="Toh_116-The_Baskets_Display-v1.tmx" mimetype="application/xml">
        <acl entries="0" version="1"/>
    </resource>
    <resource type="XMLResource" name="Toh_249-The_Sutra_Teaching_the_Four_Factors-v2.tmx" owner="celso" group="translation-memory" mode="664" created="2019-12-02T17:55:04Z" modified="2019-12-09T16:44:26Z" filename="Toh_249-The_Sutra_Teaching_the_Four_Factors-v2.tmx" mimetype="application/xml">
        <acl entries="0" version="1"/>
    </resource>
    <resource type="XMLResource" name="Toh_245-The_Sections_of_Dharma-v2.tmx" owner="celso" group="translation-memory" mode="664" created="2019-12-02T17:55:04Z" modified="2019-12-09T16:44:24Z" filename="Toh_245-The_Sections_of_Dharma-v2.tmx" mimetype="application/xml">
        <acl entries="0" version="1"/>
    </resource>
    <resource type="XMLResource" name="Toh_155-The_Question_of_the_Naga_King-v1.tmx" owner="celso" group="translation-memory" mode="664" created="2019-11-08T19:10:28Z" modified="2019-11-28T13:12:06Z" filename="Toh_155-The_Question_of_the_Naga_King-v1.tmx" mimetype="application/xml">
        <acl entries="0" version="1"/>
    </resource>
    <resource type="XMLResource" name="Toh_122-Wisdom_at_the_Hour_of_Death-v1.tmx" owner="celso" group="translation-memory" mode="664" created="2019-11-08T19:10:23Z" modified="2019-11-28T13:12:06Z" filename="Toh_122-Wisdom_at_the_Hour_of_Death-v1.tmx" mimetype="application/xml">
        <acl entries="0" version="1"/>
    </resource>
    <resource type="XMLResource" name="Toh_95-The_Play_in_Full-v1.tmx" owner="celso" group="translation-memory" mode="664" created="2019-11-08T19:10:12Z" modified="2019-11-28T13:12:06Z" filename="Toh_95-The_Play_in_Full-v1.tmx" mimetype="application/xml">
        <acl entries="0" version="1"/>
    </resource>
    <resource type="XMLResource" name="Toh_563-Upholding_the_Great_Secret_Mantra-v1.tmx" owner="celso" group="translation-memory" mode="664" created="2019-11-08T19:10:37Z" modified="2019-11-28T13:12:06Z" filename="Toh_563-Upholding_the_Great_Secret_Mantra-v1.tmx" mimetype="application/xml">
        <acl entries="0" version="1"/>
    </resource>
    <resource type="XMLResource" name="Toh_558-Destroyer_of_the_Great_Trichiliocosm-v1.tmx" owner="celso" group="translation-memory" mode="664" created="2019-12-02T17:55:04Z" modified="2019-12-04T08:51:20Z" filename="Toh_558-Destroyer_of_the_Great_Trichiliocosm-v1.tmx" mimetype="application/xml">
        <acl entries="0" version="1"/>
    </resource>
    <resource type="XMLResource" name="Toh_498-Tantra_of_the_Blue-Clad_Vajrapani-v1.tmx" owner="celso" group="translation-memory" mode="664" created="2019-11-08T19:10:37Z" modified="2019-11-28T13:12:06Z" filename="Toh_498-Tantra_of_the_Blue-Clad_Vajrapani-v1.tmx" mimetype="application/xml">
        <acl entries="0" version="1"/>
    </resource>
    <resource type="XMLResource" name="Toh_283-The_Sutra_of_the_Three_Bodies-v1.tmx" owner="celso" group="translation-memory" mode="664" created="2019-11-08T19:10:34Z" modified="2019-11-28T13:12:06Z" filename="Toh_283-The_Sutra_of_the_Three_Bodies-v1.tmx" mimetype="application/xml">
        <acl entries="0" version="1"/>
    </resource>
    <resource type="XMLResource" name="Toh_218-Purification_of_Karmic_Obscurations-v1.tmx" owner="celso" group="translation-memory" mode="664" created="2019-11-08T19:10:30Z" modified="2019-11-28T13:12:06Z" filename="Toh_218-Purification_of_Karmic_Obscurations-v1.tmx" mimetype="application/xml">
        <acl entries="0" version="1"/>
    </resource>
    <resource type="XMLResource" name="Toh_194-The_Sutra_of_Jayamati-v1.tmx" owner="celso" group="translation-memory" mode="664" created="2019-11-08T19:10:30Z" modified="2019-11-28T13:12:06Z" filename="Toh_194-The_Sutra_of_Jayamati-v1.tmx" mimetype="application/xml">
        <acl entries="0" version="1"/>
    </resource>
    <resource type="XMLResource" name="Toh_127-The_King_of_Samadhis_Sutra-v1.tmx" owner="celso" group="translation-memory" mode="664" created="2019-11-08T19:10:23Z" modified="2019-11-28T13:12:06Z" filename="Toh_127-The_King_of_Samadhis_Sutra-v1.tmx" mimetype="application/xml">
        <acl entries="0" version="1"/>
    </resource>
    <resource type="XMLResource" name="Toh_130-The_Illusory_Absorption-v1.tmx" owner="celso" group="translation-memory" mode="664" created="2019-11-08T19:10:27Z" modified="2019-11-28T13:12:06Z" filename="Toh_130-The_Illusory_Absorption-v1.tmx" mimetype="application/xml">
        <acl entries="0" version="1"/>
    </resource>
    <resource type="XMLResource" name="Toh_178-Teaching_on_the_Aids_to_Enlightenment-v2.tmx" owner="celso" group="tei" mode="644" created="2019-12-09T22:37:17Z" modified="2019-12-11T15:41:21Z" filename="Toh_178-Teaching_on_the_Aids_to_Enlightenment-v2.tmx" mimetype="application/xml">
        <acl entries="0" version="1"/>
    </resource>
    <resource type="XMLResource" name="Toh_171-The_Questions_of_an_Old_Lady-v1.tmx" owner="celso" group="translation-memory" mode="664" created="2019-11-08T19:10:28Z" modified="2019-11-28T13:12:06Z" filename="Toh_171-The_Questions_of_an_Old_Lady-v1.tmx" mimetype="application/xml">
        <acl entries="0" version="1"/>
    </resource>
    <resource type="XMLResource" name="Toh_11-The_Transcendent_Perfection_of_Wisdom_in_Ten_Thousand_Lines-v1.tmx" owner="celso" group="translation-memory" mode="664" created="2019-12-02T17:54:56Z" modified="2019-12-04T08:51:16Z" filename="Toh_11-The_Transcendent_Perfection_of_Wisdom_in_Ten_Thousand_Lines-v1.tmx" mimetype="application/xml">
        <acl entries="0" version="1"/>
    </resource>
    <resource type="XMLResource" name="Toh_115-The_Display_of_the_Pure_Land_of_Sukhavati-v1.tmx" owner="celso" group="translation-memory" mode="664" created="2019-11-08T19:10:22Z" modified="2019-11-28T13:12:06Z" filename="Toh_115-The_Display_of_the_Pure_Land_of_Sukhavati-v1.tmx" mimetype="application/xml">
        <acl entries="0" version="1"/>
    </resource>
    <resource type="XMLResource" name="Toh_114-The_King_of_the_Array_of_All_Dharmas-v1.tmx" owner="celso" group="translation-memory" mode="664" created="2019-11-08T19:10:22Z" modified="2019-11-28T13:12:06Z" filename="Toh_114-The_King_of_the_Array_of_All_Dharmas-v1.tmx" mimetype="application/xml">
        <acl entries="0" version="1"/>
    </resource>
</collection>